13d5aafd98d958faf61e8b5c39d83c7943357fb035855f4d28aae1e2c732c4f9	delosdb-buildtools/src/main/java/org/apache/derbyBuild/ClassSizeCrawler.java
80cbd11a7ff2895b5595e48f519f22c73e075e90c509a4cbd7f9405dc682679b	delosdb-buildtools/src/main/java/org/apache/derbyBuild/ElementFacade.java
bf1afbcbaa2a77410469006c7558750aacb687488107234111c829848838a8c9	delosdb-buildtools/src/main/java/org/apache/derbyBuild/GeneratorBase.java
39c73dfb481802a43a04de147f5fa7184a0146912881f33c5caa11c063e6aaff	delosdb-buildtools/src/main/java/org/apache/derbyBuild/JiraConnector.java
9289f305a71ea63eba89ed35a8c794ea7dbe52358db761efe5732e94d2a92c30	delosdb-buildtools/src/main/java/org/apache/derbyBuild/JiraIssue.java
f3260e9092e726efdf9d8084f06a24e7d8c176943ff8559fcf0d8cd572c75cb5	delosdb-buildtools/src/main/java/org/apache/derbyBuild/MessageBuilder.java
4f0d797cf0d5b349b3a8319a4bf6cb25cef7529afb3ef0b6dfd62c6c5d7695a7	delosdb-buildtools/src/main/java/org/apache/derbyBuild/MessageBundleTest.java
7b39f075bf480ddce46bf98d93ecf05c4cb39385e43285c7cb95bedc84bc2f5f	delosdb-buildtools/src/main/java/org/apache/derbyBuild/MessageVetter.java
4e4316aa86090d026897d03841eb0cb68702956e04affc388492208c38b404f2	delosdb-buildtools/src/main/java/org/apache/derbyBuild/ODBCMetadataGenerator.java
de890cfeff269aedf1c0f205abfc9a921015f50596e3fd92a3b643a026b81ff3	delosdb-buildtools/src/main/java/org/apache/derbyBuild/ReleaseNoteReader.java
3c14231e8a3a6710a21af2292e9244a8ac349fb2d340829e7c906c64a5a1ec89	delosdb-buildtools/src/main/java/org/apache/derbyBuild/ReleaseNotesTransformer.java
a3ce0d4a6479579c355d5e4c5813601a49f5eb260f066364692b48071d160da0	delosdb-buildtools/src/main/java/org/apache/derbyBuild/TagReader.java
6aadd281c216b1699f4a9f124907981275af7c4decde06b16262c75d09a38359	delosdb-buildtools/src/main/java/org/apache/derbyBuild/eclipse/DerbyEclipsePlugin.java
11f52b72f2c1b817abbbff7e953117ceef7549197be4cbb519a86f751743cc96	delosdb-buildtools/src/main/java/org/apache/derbyBuild/javadoc/DiskLayoutTaglet.java
9369433ca57a90f9a99cb94df42c3232e27d140c03ca1683acedecfd8d285b39	delosdb-buildtools/src/main/java/org/apache/derbyBuild/javadoc/EndFormatTaglet.java
bdd101e9c3d7b75b3bb1a42c0e82aa151bf7cf80e6107b4c71373935e98d92eb	delosdb-buildtools/src/main/java/org/apache/derbyBuild/javadoc/FormatIdTaglet.java
27df10532e912227164487294bc6e57e131ddee11bfbd6ef43db5f684d611ec2	delosdb-buildtools/src/main/java/org/apache/derbyBuild/javadoc/PurposeTaglet.java
9ed1c6f02275fe851f4359b3eb6dd8301659b8b0aaa6c4759a8cc32f3d54297f	delosdb-buildtools/src/main/java/org/apache/derbyBuild/javadoc/UpgradeTaglet.java
f265e3a67e1c08e5f4c0dfbf8304e3066c05787d791c5e7a42955b332e806889	delosdb-buildtools/src/main/java/org/apache/derbyBuild/maintversion2props.java
4c97373184d49e8934fbe8f003a852551b2e10b7da9ca63638bea18cb9e6ea98	delosdb-buildtools/src/main/java/org/apache/derbyBuild/propertyconfig.java
74c51aebeb03fefb1b43ac9e5eee3eb76c89cdb629ef4ddbdddb957c361ef957	delosdb-buildtools/src/main/java/org/apache/derbyBuild/splitmessages.java
6b008cac53e8f156ddbef90b86c7ec48b26d742f1c1e217cef9a1f241c9cb61b	delosdb-buildtools/src/main/java/org/apache/derbyPreBuild/PropertyPrompt.java
51608ab8c1ac206187358c5d1c1434c32bbcd2257ed6f0e153e615768560dc14	delosdb-buildtools/src/main/java/org/apache/derbyPreBuild/ReleaseProperties.java
952afc2c1d4d25aa4b4c62dca7a77d47201a84f350a7ab4387a1fc0471b4e83e	delosdb-client/src/main/java/org/apache/derby/client/ClientAutoloadedDriver.java
77ea174a4c3f7747979e8dd33ea99f48088b64720d93176f71ca9fd8ff4633dc	delosdb-client/src/main/java/org/apache/derby/client/ClientConnectionPoolDataSourceInterface.java
c02e877dfda97b5ddd42406999ed732e9871f809adffdf400b5d64c846060b16	delosdb-client/src/main/java/org/apache/derby/client/ClientDataSourceFactory.java
100a295a9864fcdbd62fc6236b1cdc4927845729775d15e2728915fc9c68bbab	delosdb-client/src/main/java/org/apache/derby/client/ClientDataSourceInterface.java
ac103f81e2758aa3ade2f0ad7b4e6fce0968cb6be0b06d1f3b37fd1b4c18cccc	delosdb-client/src/main/java/org/apache/derby/client/ClientXADataSourceInterface.java
418e03620ed97d5733d7e2c80434d0a26ada335231d99e7b693a9081f035a5c6	delosdb-client/src/main/java/org/apache/derby/client/ClientXid.java
669847a1e6372f84d73aea2e9f594c53d62ecd58a60c6095c0a4fd666f0d3be3	delosdb-client/src/main/java/org/apache/derby/client/am/Agent.java
ddce99e31e7e24fa3d686e2c40b9a37ef6e6ba72e0d658d72e008903a25266a5	delosdb-client/src/main/java/org/apache/derby/client/am/AsciiStream.java
ef371cfc10f09a1c5f302e3c8b8f3fdeb5f802138e11c3e54967d1f61dad1369	delosdb-client/src/main/java/org/apache/derby/client/am/BlobLocatorInputStream.java
df7cb912ab6d7770ef609177e44637ef2b7f9f9a34460085f6ee97ebe2c6d990	delosdb-client/src/main/java/org/apache/derby/client/am/BlobLocatorOutputStream.java
89623b61db9cb31cc9e818c583376348eba2ebbdc34f7d0b3c51eedc0b8ec772	delosdb-client/src/main/java/org/apache/derby/client/am/BlobOutputStream.java
ae10531fbf8ce15f4a7f09a631899196a002a524089bf42d4b1a356c4ee81e81	delosdb-client/src/main/java/org/apache/derby/client/am/ByteArrayCombinerStream.java
22be396278b4a6a3bf5af02207cf246948b491ac0d5f5c7542eac9cdbc8195ba	delosdb-client/src/main/java/org/apache/derby/client/am/CachingLogicalConnection.java
647b26efefe56b3651634354ec0876c3bf4d05458ce8d799f8c8fc28d5488fe8	delosdb-client/src/main/java/org/apache/derby/client/am/CallableLocatorProcedures.java
af16002b747d7dcc518366acb2e50b03e842a4384aba0940515cdd7ec04f8727	delosdb-client/src/main/java/org/apache/derby/client/am/ClientBlob.java
dfc44ee856b4d06eb3495a7ae80567b1e190e821ddc0fb367bf23f4df2cc8192	delosdb-client/src/main/java/org/apache/derby/client/am/ClientCallableStatement42.java
74521fb2a03e8eebeaea0b1f8d59a0fe29674fd4dd21d57e9e3445aba51d4eee	delosdb-client/src/main/java/org/apache/derby/client/am/ClientDatabaseMetaData.java
ea6567285ed8a620c565b99a818f2f1a1dcc8812095bbd7a03990c7fec0852f3	delosdb-client/src/main/java/org/apache/derby/client/am/ClientJDBCObjectFactory.java
a252acb0e79467d4e3b889faf9d4dabc16348dc7f84ceab0069b4324d91863ee	delosdb-client/src/main/java/org/apache/derby/client/am/ClientMessageId.java
51a2afc5ffe3f1746a0862260b7ea1b05732523d750065104897fd1c99cc3adf	delosdb-client/src/main/java/org/apache/derby/client/am/ClientParameterMetaData.java
f316cbb6947366808e5d7acd773226a35b27416239bb7cc368ec012aa82316c2	delosdb-client/src/main/java/org/apache/derby/client/am/ClientPreparedStatement42.java
caf6c8abfb366f47cb9841551681fdf39ddd5f64857463a178b01feed9d5b5a4	delosdb-client/src/main/java/org/apache/derby/client/am/ClientSavepoint.java
56babe15321e805419555b4e07675a70964d76de1b2f5f6c545a5ac14ae65ac0	delosdb-client/src/main/java/org/apache/derby/client/am/ClientTypes.java
d8a074e4a7d5b50f2849ac83c3ef638059607ef0b570cebaa6bf74e3c013afb9	delosdb-client/src/main/java/org/apache/derby/client/am/ClobLocatorInputStream.java
ca759743eca8d1d7094675e0dceea585f287805d900a00cf8df54c9e10177990	delosdb-client/src/main/java/org/apache/derby/client/am/ClobLocatorOutputStream.java
cf78db7a6502bd80302d093d8506aababea4991ac528bdd9030d8222ea4cf245	delosdb-client/src/main/java/org/apache/derby/client/am/ClobLocatorReader.java
3404c23211a92d46921fb85a7a57c6f37eb373a5390672069f5cca431054eadb	delosdb-client/src/main/java/org/apache/derby/client/am/ClobLocatorWriter.java
e03187ee99f8588611999e25d0c182018e2a91dab250b8e7d62808c0179c832d	delosdb-client/src/main/java/org/apache/derby/client/am/ClobOutputStream.java
ba87b97c3a3830c4b7cbb889eaafdbd6afd2bc2e89f7f03ca2c81cdc9fd4af92	delosdb-client/src/main/java/org/apache/derby/client/am/ClobWriter.java
600e1f8c9bc2b3e7a7805903a11696452159032c7412d11a7d1750545478400d	delosdb-client/src/main/java/org/apache/derby/client/am/CloseFilterInputStream.java
c000ceb8c2a2fd0c43538d8503bbe88e3a5a67fd6a9d991faf35d3674d687f39	delosdb-client/src/main/java/org/apache/derby/client/am/Configuration.java
7a838a06326e8099e912de26254c944898b44f30107bc4ab85b683821a522a6f	delosdb-client/src/main/java/org/apache/derby/client/am/ConnectionCallbackInterface.java
2733098d3d0075554fc09358d852c9d7cff93fa181c4392905a2983468ce8e2c	delosdb-client/src/main/java/org/apache/derby/client/am/DateTime.java
ddfd2148679a5fe3842cfa7109babded6f469415e98fdc7f1db5fa5af5ac7816	delosdb-client/src/main/java/org/apache/derby/client/am/DateTimeValue.java
15cc3eca343b4272382a47faabf637f4f652b3986a5152131e06ebe766ae8257	delosdb-client/src/main/java/org/apache/derby/client/am/Decimal.java
184987804870ec5ca1d8944597a84c34e9e454d3cb2e317d263cc3e8c62db889	delosdb-client/src/main/java/org/apache/derby/client/am/Diagnosable.java
8e6e0503db794f533eb39522eb8b25255099edec75e8a5bd61a086219e8cadfc	delosdb-client/src/main/java/org/apache/derby/client/am/DisconnectException.java
864c854cb9dbd06e5118e5184bc4f90a1283748922119a7116417ff7000c56cf	delosdb-client/src/main/java/org/apache/derby/client/am/EncryptionManager.java
c27d7e1a5a13a778f812794823dcebb030ff1c5111157d4be3fef55e0caed872	delosdb-client/src/main/java/org/apache/derby/client/am/ExceptionFormatter.java
83ab0d97cd4552268b2a1c2f03aba985b96a1f77cf7c8eae03c9a3492f0504b9	delosdb-client/src/main/java/org/apache/derby/client/am/FailedProperties40.java
28c8710e811614e27687be31603c7070bb48490d170b0ad2dca0f04ff1165462	delosdb-client/src/main/java/org/apache/derby/client/am/FloatingPoint.java
344f38880a8db4d31791bbcf00bf536f99091759755d9817ec8879895d4a0f48	delosdb-client/src/main/java/org/apache/derby/client/am/LOBStateTracker.java
0984ac85cda6de991127ff81a7c56017817dd2a58b3b38ac0952b248f15c9b63	delosdb-client/src/main/java/org/apache/derby/client/am/Lob.java
c0203e204a63691469ebb2713a96fef671abd9a9f5c53cb666bd082b8db116b3	delosdb-client/src/main/java/org/apache/derby/client/am/LogWriter.java
4223b146e625b862bd7984cc75fe1b42954a40692f4d9d4ccb8997d478979027	delosdb-client/src/main/java/org/apache/derby/client/am/LogicalCallableStatement.java
81a4d0b2c4a7caccc31674f185afd155de29874c4281e6a29c11cdf660d0270c	delosdb-client/src/main/java/org/apache/derby/client/am/LogicalCallableStatement42.java
17f596197b3dddfda8264af3e62e6fd6aaa8276a32fc92231dfa9ce612821d56	delosdb-client/src/main/java/org/apache/derby/client/am/LogicalDatabaseMetaData.java
8193055f3ad12285559ce301ad49045863a6be9e303e602ad0ebf7517c771449	delosdb-client/src/main/java/org/apache/derby/client/am/LogicalPreparedStatement.java
c72659f3182f9371f3ed5cff94a3bb0d329ecca241e3a73bfebf3a65973bc70e	delosdb-client/src/main/java/org/apache/derby/client/am/LogicalPreparedStatement42.java
e8bba3dd6633a730c6f5de90ec1d747abb73879bd84877cc450bb02a18aa50f7	delosdb-client/src/main/java/org/apache/derby/client/am/LogicalStatementEntity.java
c3997173a2ce5b8850406ceef03855fe7c83464ee7fe7ef38a62e4593ab4c475	delosdb-client/src/main/java/org/apache/derby/client/am/MaterialPreparedStatement.java
8362a953f518d80ae2768d4435564c1e9c300fb12f33fb7dbccba68c3abf6654	delosdb-client/src/main/java/org/apache/derby/client/am/MaterialStatement.java
302a83678b6114ea61e37043152a10d2dced58a5ed23d77717d7ebd1c36aedd2	delosdb-client/src/main/java/org/apache/derby/client/am/PreparedStatementCallbackInterface.java
e1ec547c66ea56c5b16d86186a31f703bacd361994907f454c29339c42be7a92	delosdb-client/src/main/java/org/apache/derby/client/am/ProductLevel.java
92e6aa7a3efd32ed8c1dffe981f59b02ff3e333002b4ef2f489d3040ed9015af	delosdb-client/src/main/java/org/apache/derby/client/am/ResultSetCallbackInterface.java
69cef274a785dd61daadd823da5ffa5d2f93cd624bdaf4c4c8c93e0be5a96945	delosdb-client/src/main/java/org/apache/derby/client/am/Section.java
92608e0006868ca7c71191a30a6617599d7ea04570f7cd8bef65b0b3844d4d71	delosdb-client/src/main/java/org/apache/derby/client/am/SignedBinary.java
51dfd5919882241069363f6fe39e0eb2be01bd41a1b36aae6917bd5efad9e2f7	delosdb-client/src/main/java/org/apache/derby/client/am/SqlCode.java
e1c53f7b5e9d8209fa15004ef2fc341f9d8b2212b07d983add46415cb9de3e8a	delosdb-client/src/main/java/org/apache/derby/client/am/SqlException.java
96a960ae6987000d60b15f486171b7fa3f48d3caf4575979c44a11a52733b440	delosdb-client/src/main/java/org/apache/derby/client/am/SqlWarning.java
ee43ae31debd54f50736a9080926b665d2d18f25a7ddc82f7a00508ea372c5bf	delosdb-client/src/main/java/org/apache/derby/client/am/Sqlca.java
6fc20c97030aea18ad73c595ddd4330ded2fc7c352ee511720f6ff2ab34e31a5	delosdb-client/src/main/java/org/apache/derby/client/am/StatementCacheInteractor.java
74d7be614893297c48c91e53f92d82d087b624ee83eeea7ad5bcd5ab25c57bc8	delosdb-client/src/main/java/org/apache/derby/client/am/StatementCallbackInterface.java
a2067872d6393245e578d3c4da9a8ade2c76a2df91f27e4820b6836b5252e934	delosdb-client/src/main/java/org/apache/derby/client/am/UnitOfWorkListener.java
0435809f4891525a8f00b015479603677c5e57c04551e8db8146c566b35cdb35	delosdb-client/src/main/java/org/apache/derby/client/am/UpdateSensitiveBlobLocatorInputStream.java
ebfec615fa6515f8b6be1d04d31fbf41490178f8c6d523364702dd2790de42e1	delosdb-client/src/main/java/org/apache/derby/client/am/UpdateSensitiveClobLocatorInputStream.java
d0942cfbe27e8845b7790d938fce2d84e7f31d4ccf90daadd495e1824e8b39e4	delosdb-client/src/main/java/org/apache/derby/client/am/UpdateSensitiveClobLocatorReader.java
9265881c2bb5a76b5979611fa6c78ad5cdebee129b07cdc32522913aa18f47d8	delosdb-client/src/main/java/org/apache/derby/client/am/UpdateSensitiveLOBLocatorInputStream.java
848570258bcd573575419b1b6d257217dfc2988c19e9e156588dae33a203f105	delosdb-client/src/main/java/org/apache/derby/client/am/Utils.java
d0154fe7b6096f28054d06acccfa24788dce37850a90d70ae27123b9b45ded10	delosdb-client/src/main/java/org/apache/derby/client/am/Utils42.java
167036d7979de74a629ef714e502f57aad90fa4a697418a7523f37241470264b	delosdb-client/src/main/java/org/apache/derby/client/am/Version.java
de1e30bd1d7a8fa90d62d653e93f00c80c7e25a1e5f75cce2adba46214840dba	delosdb-client/src/main/java/org/apache/derby/client/am/XaException.java
fd9a49afe0512bced8cb99e7a87bf20a844e1a6af665f4b469579a276f3e1ca1	delosdb-client/src/main/java/org/apache/derby/client/am/stmtcache/JDBCStatementCache.java
05faef8867977591e84d95d83c8245195bea63ee217762a4fa14125edb2204d6	delosdb-client/src/main/java/org/apache/derby/client/am/stmtcache/StatementKey.java
75b71305fe888504a7f144faa83cd66dd9707160266900e52b30e55ea2732009	delosdb-client/src/main/java/org/apache/derby/client/am/stmtcache/StatementKeyFactory.java
295a3b1bc82adb5fc09fec8a8b62c8eb7dd8beb8bbe0a89e1dbda54331696fdf	delosdb-client/src/main/java/org/apache/derby/client/net/CcsidManager.java
c8517becf1e315f754b0b2a2d4ed97b636f26b47a387be88b9bd6c22b9fce78e	delosdb-client/src/main/java/org/apache/derby/client/net/ClientJDBCObjectFactoryImpl.java
d83b63fbfef0eae9aef7d5de649b4a6e810ccfcc3f4d0c9423cc1f0cfd85f6f2	delosdb-client/src/main/java/org/apache/derby/client/net/ClientJDBCObjectFactoryImpl42.java
664d5aa5ab53cec9cc51fd0a2eb774088a374a8460e6c977f13b4d72f2180c41	delosdb-client/src/main/java/org/apache/derby/client/net/CodePoint.java
c8eda5d243c3c33c192f555961e9c426291a4d9d94147326f5f0ff6385330802	delosdb-client/src/main/java/org/apache/derby/client/net/ConnectionReply.java
189077dccda0f0cddb40ad75454eda04dc5b77e2dff63d545347fb591ba0ece9	delosdb-client/src/main/java/org/apache/derby/client/net/ConnectionReplyInterface.java
ec34e584a48195134f8daaa55a201a83ff434f9b9a4ee4178140c91db8619711	delosdb-client/src/main/java/org/apache/derby/client/net/ConnectionRequestInterface.java
d4d7bad0fcbbc29e3dfa34a7023d6f212fad526dba001faa1f27f07653a140e7	delosdb-client/src/main/java/org/apache/derby/client/net/DssConstants.java
d859d5edd6d0b1bc785d59d09fde51c71d5612f67c46fe3ac02ab8792adac126	delosdb-client/src/main/java/org/apache/derby/client/net/EbcdicCcsidManager.java
24c714752dedac9347e4cce706f23bb0c5a9bce16ad8266717dd39041816a25c	delosdb-client/src/main/java/org/apache/derby/client/net/EncodedInputStream.java
a0e9b1b173dd25d604054957504fbb33077fcf9197832d175378953b641635a8	delosdb-client/src/main/java/org/apache/derby/client/net/FdocaConstants.java
28c0b0a90f8ad670138516fc1d656b9adf5d64c956ebb4eed19fd78f5c14137e	delosdb-client/src/main/java/org/apache/derby/client/net/FdocaSimpleDataArray.java
5b5a18e71512640f2377f3d67cebfeac06f9eb5a2a6f5e4b06f51d61b8083903	delosdb-client/src/main/java/org/apache/derby/client/net/NetAgent.java
3dead4813b8331edeb82cab6db57aa02fb13b87ade98cadde724bab221a17bea	delosdb-client/src/main/java/org/apache/derby/client/net/NetCallableStatement.java
ead2bfec83f1b5027cfee9d3d092e427578effe2d64ade08aecfa48a2ec4d398	delosdb-client/src/main/java/org/apache/derby/client/net/NetConfiguration.java
bc2074c6011f559c5b44fdbd2e017e854075c9c1b7658979b7cad3c558401ac4	delosdb-client/src/main/java/org/apache/derby/client/net/NetCursor.java
8568f9ca97e752d740a29c1986e30ad98fb27691dba66ef3fb9d13fca30513b8	delosdb-client/src/main/java/org/apache/derby/client/net/NetDatabaseMetaData.java
56d9f21407d54647b4133caa85e2d55f01f40fba73765542dc6ba7604bb22128	delosdb-client/src/main/java/org/apache/derby/client/net/NetLogWriter.java
32a09cef9d81ea30398dbda4c868de82bb8bae4ab4980b5a6fe6227ed9798c98	delosdb-client/src/main/java/org/apache/derby/client/net/NetPackageReply.java
3904b3fbd6c668c5bbb6c4096100b6cbdc15b06518cff344135635056106bcd7	delosdb-client/src/main/java/org/apache/derby/client/net/NetPackageRequest.java
9522dbdc53499061bf89b241189958ecc539705cbc5d4bd0ea94165f203e287c	delosdb-client/src/main/java/org/apache/derby/client/net/NetPreparedStatement.java
a885b7c92884f727107ef881b958e1a48d91b819160f0e842146abc306a4686d	delosdb-client/src/main/java/org/apache/derby/client/net/NetResultSet.java
53c1c89795dcc33087a754d5dec6075c83fe0b76a4b9f89272e3ae819283c30e	delosdb-client/src/main/java/org/apache/derby/client/net/NetResultSet42.java
135ee8401b553eab4bb681ac7a5580d1c41367f41fa4d5f9d3aac9973e4ccdeb	delosdb-client/src/main/java/org/apache/derby/client/net/NetSqlca.java
32895796285fa71d76091f817281d77c685065451c78b15e48be64f48caa5d0a	delosdb-client/src/main/java/org/apache/derby/client/net/NetSqldta.java
a3be62111c1bc1a597a8357615bc2979ffd924740aafffda1d4d2e1e401bd3ee	delosdb-client/src/main/java/org/apache/derby/client/net/NetStatement.java
f8fa31695e104eb303028a6d4a814c42cbbb17203211b1927f41a1fab5c4bedc	delosdb-client/src/main/java/org/apache/derby/client/net/NetXACallInfo.java
0a4b31bfa1fa22e4f51e91ea3d47a8c46c21edb62841a66e3925c798d0bcbbfe	delosdb-client/src/main/java/org/apache/derby/client/net/NetXAConnection.java
99e0710d24790666661b2521de2e429d60469a2db167ede55d0e0f8926b7ce74	delosdb-client/src/main/java/org/apache/derby/client/net/NetXAConnectionReply.java
f2572af429e8424bebaefd9ec197b98603381167041a0ad4547685e6c7f41360	delosdb-client/src/main/java/org/apache/derby/client/net/NetXAConnectionRequest.java
532eb67d9a6745b24976e850c4c90b67ef19a9d9041edd4676c49f077a270669	delosdb-client/src/main/java/org/apache/derby/client/net/NetXAResource.java
7be87df2c593b1e354f0397edbc4d3ec2f279cbc887e4ab8e953706b94aea852	delosdb-client/src/main/java/org/apache/derby/client/net/PublicBufferOutputStream.java
e2aad180f6dec79bb96f59e9c8d646952f7751b2b59385b03624b2a66ce92a3e	delosdb-client/src/main/java/org/apache/derby/client/net/ResultSetReply.java
a4cab17e0bdc6b4dda3540a9ee6c8861eed176fc5e35f53b364de24fc228dbb1	delosdb-client/src/main/java/org/apache/derby/client/net/ResultSetReplyInterface.java
758e785368b5446d4d25b01aab31f9668fd135f9379c33d60bcb11ace04de1ff	delosdb-client/src/main/java/org/apache/derby/client/net/ResultSetRequestInterface.java
62c478b822ab6cc3591f052457ba91c918070238c14da38c0f1b145c5c5e60a1	delosdb-client/src/main/java/org/apache/derby/client/net/StatementReply.java
460281071b98c274a7558803cc15a3035b64270546dc5b7fc2ef78b9e6147cb3	delosdb-client/src/main/java/org/apache/derby/client/net/StatementReplyInterface.java
d9bbee318399f0da4b9435d28643e38efd9d85336b86fda647e485ba98a02626	delosdb-client/src/main/java/org/apache/derby/client/net/StatementRequestInterface.java
cc036481fdfa7aab79781a71d62a797913142789c4c0366aeb47fb0f364a9609	delosdb-client/src/main/java/org/apache/derby/client/net/Utf8CcsidManager.java
ccdfa29562ab457660eda01c43cae1ee9255a2cd8da7b6663ca06d9c502822e4	delosdb-client/src/main/java/org/apache/derby/info/client/DerbyModule.java
4983c8eaa10d3f7983e1343698aa2dcb00a4cdb8634b1432141d30df9ce4821c	delosdb-commons/src/main/java/org/apache/derby/info/shared/DerbyModule.java
954644953dd12862395711a6153006ed17dc526244a0c698740bc0ca509be9d1	delosdb-commons/src/main/java/org/apache/derby/shared/api/DerbyModuleAPI.java
d1b46aaf004097176782345568c891dcb0d1000b438419f07c9d8a1fc3fccd91	delosdb-commons/src/main/java/org/apache/derby/shared/common/error/DerbySQLIntegrityConstraintViolationException.java
2466abd7eee055b04b6982c95e8cbfcb08b539e94cb5ae6a66495d5d953472c9	delosdb-commons/src/main/java/org/apache/derby/shared/common/error/ErrorStringBuilder.java
008cd55232da94911ed6638d4df65010969269c7f2f9ffebcf914330ac969336	delosdb-commons/src/main/java/org/apache/derby/shared/common/error/ExceptionFactory.java
2e3ecc027262228097a0fc613503dc6776003aa144d83612396608f52f1958a6	delosdb-commons/src/main/java/org/apache/derby/shared/common/error/ExceptionSeverity.java
40596ce141bf576d7375d1fd7ea1ef3e1465b801ee641af4d8cc05c94bdea44f	delosdb-commons/src/main/java/org/apache/derby/shared/common/error/ExceptionUtil.java
88e465deafa354d92fad66ceee7ff7935f352b15f78f02dad9cfc01aeeece310	delosdb-commons/src/main/java/org/apache/derby/shared/common/error/PassThroughException.java
bcf1d12e1d6f839fe09764cffa573c0399a657aaf3d6c089588bfd3bf4d00147	delosdb-commons/src/main/java/org/apache/derby/shared/common/error/PublicAPI.java
042a529c29e447d57587b608f3f6475b4adb576657c0e89e150700b89d1eb116	delosdb-commons/src/main/java/org/apache/derby/shared/common/error/SQLWarningFactory.java
431db8787027916c77a7dee1cb5d3646affaeae8fabb1f94a72c2e2a243831fd	delosdb-commons/src/main/java/org/apache/derby/shared/common/error/ShutdownException.java
26587e02447ff5636ebb088b16adb54d2b133454aff6b459d857232ce999ee02	delosdb-commons/src/main/java/org/apache/derby/shared/common/error/StandardException.java
bb395fba34fe2de608ef7670865a5d02f2c92332d47cb28c0ddcb4ebceb2b591	delosdb-commons/src/main/java/org/apache/derby/shared/common/i18n/BundleFinder.java
cac6d01c35fe84d0ce3298958a152cc0f9b3c09eec7e7c80397d3cf762874753	delosdb-commons/src/main/java/org/apache/derby/shared/common/i18n/LocaleFinder.java
cc483eda6cdd7f7888773bf0ebf73ee039aae2c16892b110c08a7f9aaa44e84a	delosdb-commons/src/main/java/org/apache/derby/shared/common/i18n/MessageUtil.java
ad149ec174a1479d3687bed5173a9c570932623b2ba75c2f5374261334a9e1a5	delosdb-commons/src/main/java/org/apache/derby/shared/common/info/ProductGenusNames.java
a280027b7b497f48ff7df56da8f93ecf65009d3251aec50ed435375eac764e2b	delosdb-commons/src/main/java/org/apache/derby/shared/common/info/PropertyNames.java
757ee11dae171a2a84e92bf431b49c2cce7765876021f9ee4c5b7d7a7f1c42b8	delosdb-commons/src/main/java/org/apache/derby/shared/common/reference/Attribute.java
2c8db4b2bfbcb4d7dc0a787913d1ff1bae7fbe50b310a2dbf00a5d59800e561c	delosdb-commons/src/main/java/org/apache/derby/shared/common/reference/ClassName.java
b7af2c0a8c85cfef8a782543f043b7537a9417ee33e60f9aef1587151b4ec6b9	delosdb-commons/src/main/java/org/apache/derby/shared/common/reference/ContextId.java
1ed65b33fedf5cc73deaf42a759d78068d254dd26a9e9382de0babb4086ea7c0	delosdb-commons/src/main/java/org/apache/derby/shared/common/reference/DRDAConstants.java
08e6448c3d6357345a3747edc0b1799e860b69fe4f0835bc1bf5181bf3bc4b79	delosdb-commons/src/main/java/org/apache/derby/shared/common/reference/EngineType.java
28994d8fe72afb1f4fd53382c4dc09777105d02bef476573c7dcded83d2c0c3d	delosdb-commons/src/main/java/org/apache/derby/shared/common/reference/JDBC40Translation.java
315ee3a4a1d4f74c5d8ef6e1b9ee5303718c86cca067bf08e3c256de0f5c4ffe	delosdb-commons/src/main/java/org/apache/derby/shared/common/reference/Limits.java
f134fd8d9dad40b38c977d223cc90240c5af6ac8f6e0bcd26f31a992e8a63f8f	delosdb-commons/src/main/java/org/apache/derby/shared/common/reference/MessageId.java
e6563eefffaa4c60466b035a703165089b1591439601015376b3eaba5c6947c0	delosdb-commons/src/main/java/org/apache/derby/shared/common/reference/Module.java
56060358bdcbe57a77366816035f77ff866f653b1d37197877453ac732e189df	delosdb-commons/src/main/java/org/apache/derby/shared/common/reference/ModuleUtil.java
51c00890a9bd3e0be4597f4ee47762882a54801349b67fb988dd1de5034210f2	delosdb-commons/src/main/java/org/apache/derby/shared/common/reference/SQLState.java
7117fb4692ec9808878c962a94f65c4bf626fe8b35a187f0184c71a04639a4e6	delosdb-commons/src/main/java/org/apache/derby/shared/common/sanity/AssertFailure.java
d3410618975ec3b228b6ae67e016a953d996bca073861a53c5ed5c6586ccb855	delosdb-commons/src/main/java/org/apache/derby/shared/common/sanity/ThreadDump.java
d57878a4802c363824dd4fa258fa64713d0c7c38e37aa5a011ffbd8ab3f3d6d3	delosdb-commons/src/main/java/org/apache/derby/shared/common/security/SystemPermission.java
dbccbb902a12926075e1ddfa6eed9eac173d0f9bed17aff1e1925c3b28ce57f7	delosdb-commons/src/main/java/org/apache/derby/shared/common/stream/HeaderPrintWriter.java
646a9e52eaeab978601be205be6c9cdb992e94c227653ca8857eadc98866de07	delosdb-commons/src/main/java/org/apache/derby/shared/common/stream/InfoStreams.java
610d8f031acd5c8e90279a63f16e9aebb2ba74ca793043aebc922049543215b5	delosdb-commons/src/main/java/org/apache/derby/shared/common/stream/PrintWriterGetHeader.java
642a2f5b0d551ea62979edeede28d77448bc939a1f98e29243ecfe7e5aa9624a	delosdb-commons/src/main/java/org/apache/derby/shared/common/util/ArrayUtil.java
ebca0281659fba121fdaa1c5b91e692f6318bb164eadaf16e10987d2be4dd4a9	delosdb-derby-store-api/src/main/java/org/apache/derby/iapi/store/access/AccessFactoryGlobals.java
bcbbd69a5f4f54a732c3a01c1252e11c63a02bfec40114f98ae00f25c1daa9f4	delosdb-derby-store-api/src/main/java/org/apache/derby/iapi/store/access/ColumnOrdering.java
572f1e31cd5afc6949dcd576bf826766ba3b322e76597d6ffa3e645dad66d4e5	delosdb-derby-store-api/src/main/java/org/apache/derby/iapi/store/access/ConglomPropertyQueryable.java
02b81a7a3d19be511b5603e54539194509572872696dd7ae0ab8223a0a013fcd	delosdb-derby-store-api/src/main/java/org/apache/derby/iapi/store/access/DatabaseInstant.java
f61792d088fd35925c0324105582981ad373c0c8aeefeecbe90ba7a73f7b6627	delosdb-derby-store-api/src/main/java/org/apache/derby/iapi/store/access/DynamicCompiledOpenConglomInfo.java
b61e8c35ba0393f3af4f04fff3a3ae9d8d3d83dc17ca19d25f7d56dc623b3b67	delosdb-derby-store-api/src/main/java/org/apache/derby/iapi/store/access/FileResource.java
75d8b92e0a9fa2fc9bf4d0b47cc1df9a6e4628df485e997fca641664be243e8c	delosdb-derby-store-api/src/main/java/org/apache/derby/iapi/store/access/GlobalXact.java
18b3c11a6dd18da12e732d0c1c8b90305cdbc34d4d674af8fc6eff3b5d5abe81	delosdb-derby-store-api/src/main/java/org/apache/derby/iapi/store/access/KeyHasher.java
cc88c34b77c081faf603aba70eefa3939bfd4fe16fbbe3ba8881df4ccb4b13e7	delosdb-derby-store-api/src/main/java/org/apache/derby/iapi/store/access/RowCountable.java
8ef996251b5c890b07f47752a6c3047a4511bc8442bde1f82ee1a5df2d7da27a	delosdb-derby-store-api/src/main/java/org/apache/derby/iapi/store/access/ScanInfo.java
363c821490ed37f61f13c4f15a2fa13d039311bd8ab33d743e6a004dbd6abb04	delosdb-derby-store-api/src/main/java/org/apache/derby/iapi/store/access/SortInfo.java
214d884d8209fa397873745f662e92d7493c0010ec06b8e633c25a439b03ff0f	delosdb-derby-store-api/src/main/java/org/apache/derby/iapi/store/access/SpaceInfo.java
2dfb2e9160a80bf816b4cc66b3317cb03df5a04fa40d59d1d5843bd01b86416a	delosdb-derby-store-api/src/main/java/org/apache/derby/iapi/store/access/StoreCostResult.java
853dbcb0ed974a6f956aaefd5c75ed83b69f929b1523db046c7545dd730dcc4c	delosdb-derby-store-api/src/main/java/org/apache/derby/iapi/store/access/TransactionInfo.java
5a0829b9d385ecc214f36868539362b172e66797716255c0893c97ee0b8cebc5	delosdb-derby-store-api/src/main/java/org/apache/derby/iapi/store/access/XATransactionController.java
a6099f0d28ed57f649e0a02e3ac8c14b68fd0cf0caed9a6692ab62142310e410	delosdb-derby-store-api/src/main/java/org/apache/derby/iapi/store/access/conglomerate/AccessMethodReadCommittedUpdateRecheck.java
05fc614bb40b567e6fb75a4a56f983a4333ab6ad73b097ef8ca9318abc1a7863	delosdb-derby-store-api/src/main/java/org/apache/derby/iapi/store/access/conglomerate/LogicalUndo.java
9c7418543eaefcd22ff000eedb92f0bc269ba4574c0f883ccaa19d988422dcdc	delosdb-derby-store-api/src/main/java/org/apache/derby/iapi/store/access/conglomerate/ScanControllerRowSource.java
ff26342e9580ae9bb1af71f0e009f7b856ca3d9e8808de7cb915b7c73c6f5f8c	delosdb-derby-store-api/src/main/java/org/apache/derby/iapi/store/access/conglomerate/ScanManager.java
719fea047dcc1856319c14868adadebb7830cf69c9a2332a9cccb20174dc6534	delosdb-derby-store-api/src/main/java/org/apache/derby/iapi/store/access/conglomerate/Sort.java
93ac7b5a8bde5a23f6ebeef2ea53d185449e80fa269a62c230897919f0961027	delosdb-derby-store-api/src/main/java/org/apache/derby/iapi/store/access/xa/XAResourceManager.java
7816379febf10dc138baef1e1e4ca43a2b72ab3131637278c0d40cd8bd05636d	delosdb-derby-store-api/src/main/java/org/apache/derby/iapi/store/access/xa/XAXactId.java
d5be57d952f8f71e7bcdd4a457f4c95adc0d0f1bb83617c00fbca66b2bf2ef68	delosdb-derby-store-api/src/main/java/org/apache/derby/iapi/store/raw/AuxObject.java
e576391d6b02f7785369e34d32aeef78aa1aa2d84845e285f4f5e592d56530c0	delosdb-derby-store-api/src/main/java/org/apache/derby/iapi/store/raw/Compensation.java
68c4eacb025c03cb34a90f9b6812efa2c97fe28dc117d7df7cb72b0919598338	delosdb-derby-store-api/src/main/java/org/apache/derby/iapi/store/raw/ContainerHandle.java
6894d240bd378040e757ce84e1fec5586cbb5ca932fd9950769b736d0a3d0213	delosdb-derby-store-api/src/main/java/org/apache/derby/iapi/store/raw/ContainerLock.java
416d556a3ca40dcb1595350a6cd4515db8460fac909bf69634bab802faedbc31	delosdb-derby-store-api/src/main/java/org/apache/derby/iapi/store/raw/Corruptable.java
3d9792a4634db35e3f52475958a27dbd7c73a7f873b8e5cedc9dc4a71faae9ce	delosdb-derby-store-api/src/main/java/org/apache/derby/iapi/store/raw/D_ContainerKey.java
8c4da17cef0d2a115ebba26c81204552581f6af7be994e938c0d75ad4ae81a7c	delosdb-derby-store-api/src/main/java/org/apache/derby/iapi/store/raw/D_ContainerLock.java
9523548a72e129400859f3dbb54f5bab5447b585d80b6ac336ecb21fc197f12b	delosdb-derby-store-api/src/main/java/org/apache/derby/iapi/store/raw/D_RowLock.java
b441a800fafd2deb7ffeb51f2bc877aaed90f108c3176fc7806834773d56443f	delosdb-derby-store-api/src/main/java/org/apache/derby/iapi/store/raw/FetchDescriptor.java
c83dbbdf94c1cccf2f9ef7af26a0ad7afab700df8d54b19cb98be429ac2323d5	delosdb-derby-store-api/src/main/java/org/apache/derby/iapi/store/raw/GlobalTransactionId.java
cc93c72b73abf369a795fcb7192e383a96d61a08d6f616abfbe3c7a914d5da35	delosdb-derby-store-api/src/main/java/org/apache/derby/iapi/store/raw/LockingPolicy.java
7b2c8f8b216f499ba5418bb52a4e42d332c17941d9e7f34d131c01c91cdd107a	delosdb-derby-store-api/src/main/java/org/apache/derby/iapi/store/raw/Loggable.java
80e7a70eabb9c84da9c953567c2bc966b289f373a525876e2a8968947b44137e	delosdb-derby-store-api/src/main/java/org/apache/derby/iapi/store/raw/PageKey.java
0a1c5892da227e475559f65cd02d526de99142629c04f182b2e913aa3b9cd58d	delosdb-derby-store-api/src/main/java/org/apache/derby/iapi/store/raw/PageTimeStamp.java
c703a0d57a153b7ed698dbe9640eacbb5e0592cb84b8fae8b16ed6be53d50db4	delosdb-derby-store-api/src/main/java/org/apache/derby/iapi/store/raw/RawStoreFactory.java
06467587822129f7682e17d57271de5a3505c0a6c2978ec9b552bae412a924ed	delosdb-derby-store-api/src/main/java/org/apache/derby/iapi/store/raw/RePreparable.java
d4d0bbbd7c8977ded9268256c29ecb2a4695b0afeaed8f44ae9d857cc57babf5	delosdb-derby-store-api/src/main/java/org/apache/derby/iapi/store/raw/RecordHandle.java
026c360dbc9448af37da0a5a1fc9e802d1b6a72192aca4615442d408d98aa472	delosdb-derby-store-api/src/main/java/org/apache/derby/iapi/store/raw/RowLock.java
5cbab12f71dd5264d8149ae56a0d6a9d9a1de867d2f1436f503825117948b97a	delosdb-derby-store-api/src/main/java/org/apache/derby/iapi/store/raw/ScanHandle.java
a7721dc577503f0e02c7e1a642f5201bef5e40e6a07010913409b64f804e4068	delosdb-derby-store-api/src/main/java/org/apache/derby/iapi/store/raw/ScannedTransactionHandle.java
c3d4b18d92434aa0f952ad9ae41e501ed1e1d62bad7cdcfbeb20793add4f6780	delosdb-derby-store-api/src/main/java/org/apache/derby/iapi/store/raw/Undoable.java
76bd73c41495e706ca86b909fb72b79f6468d1203237941f045d7e32b8d7806b	delosdb-derby-store-api/src/main/java/org/apache/derby/iapi/store/raw/data/RawContainerHandle.java
5b7e5fe6ae6fccebba853b205252395f5a9ca43614bf6cd1dbe26ce9e0f42a7a	delosdb-derby-store-api/src/main/java/org/apache/derby/iapi/store/raw/log/LogFactory.java
c5ecb164bfd25372d65ba4aa5b0581a69b84c05427fa314479f3b7bfe11629c2	delosdb-derby-store-api/src/main/java/org/apache/derby/iapi/store/raw/log/LogInstant.java
01edb334277d65e2558912c386b30f541ab8935c8800d79e4fea36827f0b4b52	delosdb-derby-store-api/src/main/java/org/apache/derby/iapi/store/raw/log/LogScan.java
a9d933de9d74d6197aef72416f014f7ef94d6d7c652bb71c62bd9e68896ddb0d	delosdb-derby-store-api/src/main/java/org/apache/derby/iapi/store/raw/log/Logger.java
1d963210192c6e53fe32d4b5a700076b6d3336248bba87951cca8a45e6d9da74	delosdb-derby-store-api/src/main/java/org/apache/derby/iapi/store/raw/xact/RawTransaction.java
b037c3f23694d77632b2a238ba6e4ed83c1b56757257e5bb3979869ba9ad62dd	delosdb-derby-store-api/src/main/java/org/apache/derby/iapi/store/raw/xact/TransactionFactory.java
e254ed424079662c8b985ec750b0830520da765fcaa05f3f6ac2ddf3f0e1c58f	delosdb-derby-store-api/src/main/java/org/apache/derby/iapi/store/raw/xact/TransactionId.java
7e520d0d4c1b58462f36991a0cf360b4ac18c0e77a0faf67c51846838542d9ff	delosdb-derby-store-api/src/main/java/org/apache/derby/iapi/store/replication/master/MasterFactory.java
044e12e9dac927bfe1939e5ad5945bb6cfdee530e386a4fee9b60d3789c396ce	delosdb-derby-store-api/src/main/java/org/apache/derby/iapi/store/replication/slave/SlaveFactory.java
2776e1e7236c37165224875dd4a4ce2e071c71556864617c1a733bb61f0cbce6	delosdb-engine/src/main/java/org/apache/derby/agg/Aggregator.java
228afaf5c4e1ded74958d7caad2ed4f936e8daa409fed2ff8e1ccbc45994074f	delosdb-engine/src/main/java/org/apache/derby/authentication/SystemPrincipal.java
d0e23566ab6941c4b50ceefeca5db816ab64ff09292b8263ac2e8f3c5f2190b1	delosdb-engine/src/main/java/org/apache/derby/authentication/UserAuthenticator.java
462af1271c04bc719703b0e5621bd029fc072b1cff874d403a1a5868e19e7768	delosdb-engine/src/main/java/org/apache/derby/catalog/AliasInfo.java
4852be25552de0b7975e933a6ada0c7d0e5f6670887fd647c78ddf4909edb43a	delosdb-engine/src/main/java/org/apache/derby/catalog/DefaultInfo.java
5ef2e0a41ee8dc85cf44fa2f6c55f7acc9c313d275daa8b78f28453c980a78d8	delosdb-engine/src/main/java/org/apache/derby/catalog/Dependable.java
dba5d6d8809b26f8fb1fbcc7a750b92bc605ffbe8d0929945b7f9fbb59df111b	delosdb-engine/src/main/java/org/apache/derby/catalog/DependableFinder.java
de7ef17e8b23b6f3334af02bec8f264b385a0cbeb68ee01b94a1307bb31d5e1d	delosdb-engine/src/main/java/org/apache/derby/catalog/GetProcedureColumns.java
c324a6af6225aebdab5b1f35a00586f267cf0408c0867fb3f750f5cdb60a8450	delosdb-engine/src/main/java/org/apache/derby/catalog/Java5SystemProcedures.java
85b38445e0ce94ec6433e5c3ca2178b32243740d30d86ed8a82b253fa47535e3	delosdb-engine/src/main/java/org/apache/derby/catalog/ReferencedColumns.java
ce9bc64ee5cad778c81fc5af9b8d0defe4db658cc37a078eca08d1428cca817f	delosdb-engine/src/main/java/org/apache/derby/catalog/SequencePreallocator.java
b4e462b212bc0adee9ef4ed287dc3591f32151ee4cab0ba96214fa4f2770bc99	delosdb-engine/src/main/java/org/apache/derby/catalog/Statistics.java
f14ea4569d16eb5e1d850ef58f64000caf8ea0411fde2778943af1a9ceef75fa	delosdb-engine/src/main/java/org/apache/derby/catalog/TriggerNewTransitionRows.java
a49d396149d928c4e9e4a877e8484adf99fc419797c771d16ef6e73acf63ac85	delosdb-engine/src/main/java/org/apache/derby/catalog/TriggerOldTransitionRows.java
20f30758329a1be5ee6f51ec30eb48c05214a837727869c63a074131c74ed837	delosdb-engine/src/main/java/org/apache/derby/catalog/TypeDescriptor.java
a7c199349496535bcc84980b5f248a61e1408ab7ef00efefa99090d036f1e79a	delosdb-engine/src/main/java/org/apache/derby/catalog/UUID.java
c9b1d5dd6e67f243eda0c65b437cf2647a2675b665f6da50c42194a40e5afdfc	delosdb-engine/src/main/java/org/apache/derby/catalog/types/AggregateAliasInfo.java
b7c9a6a87859c5bb435bcdb4caf3f4bec8992ca45c11dfc4f420cf0c2211aa0d	delosdb-engine/src/main/java/org/apache/derby/catalog/types/BaseTypeIdImpl.java
c844209344f090c9cee75be8611586aee9f509984a8c85f8aa3b2f367bf11aa1	delosdb-engine/src/main/java/org/apache/derby/catalog/types/DecimalTypeIdImpl.java
18930225e1c8098d0edb358ebb1f9986b01728d3ea4ed850b3da08327fedda5d	delosdb-engine/src/main/java/org/apache/derby/catalog/types/DefaultInfoImpl.java
d77384b6a4c611acd0a3b962bc7680389bcc96016110fac76562d3e4fad8b66c	delosdb-engine/src/main/java/org/apache/derby/catalog/types/MethodAliasInfo.java
e1377c8d33efbfa80e11b4ecefb03d102f16d4eb196dcdaa6e4185b0c7032e89	delosdb-engine/src/main/java/org/apache/derby/catalog/types/OldRoutineType.java
6a22dc0ea40af0b5712d62606766c03038bda55ba2e46bce713c9683f923dc55	delosdb-engine/src/main/java/org/apache/derby/catalog/types/ReferencedColumnsDescriptorImpl.java
75d5ad3afee6e11c902841d0934b9ef77afa2c37ca9ab90304807e8817207100	delosdb-engine/src/main/java/org/apache/derby/catalog/types/RoutineAliasInfo.java
0b36bed159b39696f013128cdcc09f4161f0c2ee2f2b8166dd9327fc92786071	delosdb-engine/src/main/java/org/apache/derby/catalog/types/RowMultiSetImpl.java
c52d5f28fd98859d72257a371d9f87f732e559d2457eda13f1bb4616c5c0f907	delosdb-engine/src/main/java/org/apache/derby/catalog/types/StatisticsImpl.java
11ff104963ef2793b4253b9b9570e0afa141aaf0a61f711ba372169ca3afa0de	delosdb-engine/src/main/java/org/apache/derby/catalog/types/SynonymAliasInfo.java
11922a993ab9b60c3f9904c26d7eed14691c1696aef6b9cfa697ca7b35201287	delosdb-engine/src/main/java/org/apache/derby/catalog/types/TypeDescriptorImpl.java
ed0735e2ec94c5f8d2f4647b212836378c85d63b7ccd1b63bfbdb4d650be6709	delosdb-engine/src/main/java/org/apache/derby/catalog/types/TypesImplInstanceGetter.java
0387ce31cc64ec4c734655bb6eb71dac598b36dd39fe34eab24e925b694e813b	delosdb-engine/src/main/java/org/apache/derby/catalog/types/UDTAliasInfo.java
8c1854184093739fc4ff586f083110f0b05d00ed9ce35aae419dcc57c3341141	delosdb-engine/src/main/java/org/apache/derby/catalog/types/UserDefinedTypeIdImpl.java
43077b94fd111ba0a05137d508dd24ec08459d8b2eaba416d2f3d1fa1c9d9da2	delosdb-engine/src/main/java/org/apache/derby/diag/ContainedRoles.java
1358237fe1b92ae7ee5d3dec6779984e47c626ed12ff623bdfdda4ec99fc49c9	delosdb-engine/src/main/java/org/apache/derby/diag/DiagUtil.java
6f599003094a4c0bddfe56cf09ef5324a13833dd71505acf8613d6ebe8ad1dd5	delosdb-engine/src/main/java/org/apache/derby/diag/ErrorLogReader.java
a28847630fe2bc6af0fe4dd48c48b7e910156ad0bc4dd77e8d249edaa887a907	delosdb-engine/src/main/java/org/apache/derby/diag/ErrorMessages.java
2a80e17699ecce3254af31a0de7d8c6cfcb7bb6f1816bf0497b56124656ed7b9	delosdb-engine/src/main/java/org/apache/derby/diag/SpaceTable.java
aede3081918901564ee75d0df9c453ec5f8348dffc090215640562d3950e6644	delosdb-engine/src/main/java/org/apache/derby/diag/TransactionTable.java
73edb3af5e51c6648da052a9be5adbba9733b117645f58cdac9a414a98a7f275	delosdb-engine/src/main/java/org/apache/derby/iapi/db/Database.java
c6c4dbe6e9dd353af248d6706471c3678c58b35fc61549924109b7db478c30e0	delosdb-engine/src/main/java/org/apache/derby/iapi/db/DatabaseContext.java
6edb45b3ce2e59d18979d412ef0bfc99b13162ad4665e3685e292a8f8899f0ec	delosdb-engine/src/main/java/org/apache/derby/iapi/db/Factory.java
dfdea4f7cfcab91ef1e3dddea55825ffad820ca7a65b61737994b3ab3e1b9437	delosdb-engine/src/main/java/org/apache/derby/iapi/db/PropertyInfo.java
474fa5c9f0c940c880d7519e52b41668de79994154305373476410a92baabcf1	delosdb-engine/src/main/java/org/apache/derby/iapi/db/TriggerExecutionContext.java
b9151337c16d76ed5925c81f2ff0ba23f93d25f05fd61d6ad47cc2cfeacca1e7	delosdb-engine/src/main/java/org/apache/derby/iapi/jdbc/AuthenticationService.java
c314a9a61f9906bf5b794cdd3e2a368fd72b2cb9d51b125b53a0d83159b471f8	delosdb-engine/src/main/java/org/apache/derby/iapi/jdbc/AutoloadedDriver.java
402986ea8bd3348fb5ea03e83f4c2cf4a0e62ca09d6fddc9a469b8963be1911d	delosdb-engine/src/main/java/org/apache/derby/iapi/jdbc/BrokeredCallableStatement42.java
a94a1273af11608b657c33e768513e1d034bb674623f8c6c184dcd5af8c57e0b	delosdb-engine/src/main/java/org/apache/derby/iapi/jdbc/BrokeredConnection42.java
59abc70e8f5e12952152320fff69d8ab2b898f8de06e38b5d13127890b04960f	delosdb-engine/src/main/java/org/apache/derby/iapi/jdbc/BrokeredConnectionControl.java
bffacbd2e9bab18e49cb87dc9aea4198ae9ff1fe8856f46b941de53b01f39199	delosdb-engine/src/main/java/org/apache/derby/iapi/jdbc/BrokeredPreparedStatement42.java
6267b129733e92bf0341039a73dfc0a8d0fa9e2e3d54a204a867ee2ca6d63e47	delosdb-engine/src/main/java/org/apache/derby/iapi/jdbc/BrokeredStatement.java
2c492b9f54e853cfbfe0b00fd359eb361ab74393a3d23c25e7923698a8421c59	delosdb-engine/src/main/java/org/apache/derby/iapi/jdbc/BrokeredStatementControl.java
30b65fa2afbfb5e0ce73924d2a315901df53f1d28317360d2d993409c004f7b8	delosdb-engine/src/main/java/org/apache/derby/iapi/jdbc/CharacterStreamDescriptor.java
e145e6f7dfb035f9e5f6e572c06b1733ca2a2fa1d8e5f04b880840dd6d9e99f7	delosdb-engine/src/main/java/org/apache/derby/iapi/jdbc/ConnectionContext.java
3c72fec64d7d9c725d472f7f95e38755d9b95260b2032018d6485d4e879f71b2	delosdb-engine/src/main/java/org/apache/derby/iapi/jdbc/Driver42.java
875ade4bd6a6fab448f78203f91f0e68c49aa702a71de945fb2e594bd35297ec	delosdb-engine/src/main/java/org/apache/derby/iapi/jdbc/EmbeddedConnectionPoolDataSourceInterface.java
5ba983f3b623284e5d1a75177ccb9eacc716166d5747cb94413ff656f1d3702c	delosdb-engine/src/main/java/org/apache/derby/iapi/jdbc/EmbeddedDataSourceInterface.java
af1c316e445aa9ad89f240a7849ab19aa8749e85edaacf0db23dfc4e6b5148e2	delosdb-engine/src/main/java/org/apache/derby/iapi/jdbc/EmbeddedXADataSourceInterface.java
e0a93fb09ae43b0bcc93763339fd7a284231b26bc41b3f6766c24950b2c68ac7	delosdb-engine/src/main/java/org/apache/derby/iapi/jdbc/EngineCallableStatement.java
c8c33f1a999ac0944d1e3c87a6deb5252cba85c1dedc17987c8892b15551c37d	delosdb-engine/src/main/java/org/apache/derby/iapi/jdbc/EngineConnection.java
13d4216b0970856d7f7984def08f429e064d73cd7abc437cfabffb17af76a42c	delosdb-engine/src/main/java/org/apache/derby/iapi/jdbc/EngineLOB.java
7f55ca66c1609a019771ad06eecdb111d2b36ed71c13786a27e4b8853d45e607	delosdb-engine/src/main/java/org/apache/derby/iapi/jdbc/EnginePreparedStatement.java
95e2c957704fdf3fb26f4e409215eaa562b247c2cbe8e95e725628c69c740ce5	delosdb-engine/src/main/java/org/apache/derby/iapi/jdbc/EngineResultSet.java
c2c0f55386c3b555cd615ad6f0afde84f5224bb794b4ec2ca7a2e9b985afb440	delosdb-engine/src/main/java/org/apache/derby/iapi/jdbc/EngineStatement.java
65e6ecfcea10fc69313b490ad9a94598714f9e8647a8c7e54eb14921668116f1	delosdb-engine/src/main/java/org/apache/derby/iapi/jdbc/FailedProperties40.java
80b454c9a6745f9296420e58ae324a33d29e11f30937673cf56702ecdcd82299	delosdb-engine/src/main/java/org/apache/derby/iapi/jdbc/InternalDriver.java
a032b7f893c9efad00148b6603e3d6e5a69654497a0bd9f5b61a93d65f390e37	delosdb-engine/src/main/java/org/apache/derby/iapi/jdbc/JDBC.java
ecb5e50eccd78a8c69ff72df9d77a52c3ab2325f90985e94747cbca87e4b4282	delosdb-engine/src/main/java/org/apache/derby/iapi/jdbc/JDBCBoot.java
078584493ab89e465f641a3b95cc4451d7f15b2d2082e78d229b5fa97dc4a4f4	delosdb-engine/src/main/java/org/apache/derby/iapi/jdbc/ResourceAdapter.java
d125cd14dbe78efaab172ab683ac1244a42ecea151a5b382a9919161733b5d20	delosdb-engine/src/main/java/org/apache/derby/iapi/security/Securable.java
4376a4e2df8ced8575774a1b45f668346183c4182beb53a5cd1b704bebdc2fee	delosdb-engine/src/main/java/org/apache/derby/iapi/security/SecurityUtil.java
b80e96326c4bf1b7fc3c9c5e951ffa81d07fbb96eca416b7cd74aba8b3355abf	delosdb-engine/src/main/java/org/apache/derby/iapi/services/jmx/ManagementService.java
b2253d8b73c3f46a923eccadf8534a586ce83edeeccf49d46f306963d1913e4d	delosdb-engine/src/main/java/org/apache/derby/iapi/sql/LanguageFactory.java
bfb189c547e3db841f332855a4cdf19bb642c42ce715340e7f7c174b32495b60	delosdb-engine/src/main/java/org/apache/derby/iapi/sql/LanguageProperties.java
acb61d51509bbdf40e693d8ee822d01459e33d5052c71919a534261f8df813ee	delosdb-engine/src/main/java/org/apache/derby/iapi/sql/ParameterValueSet.java
ac0ef13d89d4033211b5519bdc7484b4f3c12dd56c14d58f5e969d9decdc77a5	delosdb-engine/src/main/java/org/apache/derby/iapi/sql/PreparedStatement.java
ac3db51a42da72a1986783ebda5d204a952cd8e176445dc48b01bd3e717f2816	delosdb-engine/src/main/java/org/apache/derby/iapi/sql/ResultColumnDescriptor.java
c268a9e815c0eea6129dd29517028dd90d1b49cbb0b95937e6f0184f22e43908	delosdb-engine/src/main/java/org/apache/derby/iapi/sql/ResultDescription.java
3019e745f95f1906079ad048408424abac43f8bedb5011cd5e968604330d744b	delosdb-engine/src/main/java/org/apache/derby/iapi/sql/ResultSet.java
a3d63e71e2bbf15ce7fcb854f05108d6d44edbdeaa31f2a66096e02a31898cb6	delosdb-engine/src/main/java/org/apache/derby/iapi/sql/Row.java
c18576080ff3eb9d8079782ddcdc501b7ccc97621247cfc8625535129f4e0c87	delosdb-engine/src/main/java/org/apache/derby/iapi/sql/Statement.java
b2c661a29971d76dd0f0fcf910f00f1c84dce407c4a3607412dabe2d6172e3d0	delosdb-engine/src/main/java/org/apache/derby/iapi/sql/StatementType.java
1eb31017941600a408f8cc1a1c01f579d7552d847d93e408167fc52015ebce51	delosdb-engine/src/main/java/org/apache/derby/iapi/sql/StatementUtil.java
14c1ec559a94db438430ea931d3d96edfc8e00be8d60695390ceb819f2caa0e0	delosdb-engine/src/main/java/org/apache/derby/iapi/sql/StorablePreparedStatement.java
93587cae422c3d1c7c7ac2f00846d7547330d04830cb5e901bd45cae84c4e2de	delosdb-engine/src/main/java/org/apache/derby/iapi/sql/compile/ASTVisitor.java
220e5f3cd654583b3fc9946e8fa04c697f1430fe1135aa91fb59f9356b5d72f9	delosdb-engine/src/main/java/org/apache/derby/iapi/sql/compile/AccessPath.java
5f14521d6b94a1ef93c3ec2a34962458de44d02b29859a18009bd5cba1b12279	delosdb-engine/src/main/java/org/apache/derby/iapi/sql/compile/C_NodeTypes.java
c8a1eaece12e92722549c5ba87c93edcd5fd4562b2a8e183c3b4e69483763783	delosdb-engine/src/main/java/org/apache/derby/iapi/sql/compile/CodeGeneration.java
9080ef8cb7faf9962693e80e2e295fe3f5f4b65913eb2d85ae5652180ba8f384	delosdb-engine/src/main/java/org/apache/derby/iapi/sql/compile/CompilerContext.java
a918ae0fa3cfc8053e85ba38aaea3982d52c0038e81ea032b241015eb801757d	delosdb-engine/src/main/java/org/apache/derby/iapi/sql/compile/CostEstimate.java
3f77bfc1333f93c6f1c2fa2b2038afbef45f5e67d09a0292039213a848a1bde4	delosdb-engine/src/main/java/org/apache/derby/iapi/sql/compile/ExpressionClassBuilderInterface.java
cfbdd654bdc4ab2855623532245770b2bc7056a4a7ba273dbe7f9f2bf2f9ec02	delosdb-engine/src/main/java/org/apache/derby/iapi/sql/compile/IgnoreFilter.java
80723dc4296aa58a26a2ce8bf357cfe59fed7010aa59a1dc9c35f1e7973041d5	delosdb-engine/src/main/java/org/apache/derby/iapi/sql/compile/JoinStrategy.java
0fefc44f578d378c62a5e753d62af89e07abf26e79e8f2466ddb308af49d1729	delosdb-engine/src/main/java/org/apache/derby/iapi/sql/compile/OptTrace.java
a7bdb24299130262924598ff82059f483fcd7224c58dd1aa699de658bd9b78a6	delosdb-engine/src/main/java/org/apache/derby/iapi/sql/compile/Optimizable.java
863c0e3a0594e91ac6fac209f57189c1a54edbcf385e96da166218ae78fc1318	delosdb-engine/src/main/java/org/apache/derby/iapi/sql/compile/OptimizableList.java
e757078bc3ea6dd44dc41d1271d4563ca7ff47e1819952e08750c9fd5c5464e4	delosdb-engine/src/main/java/org/apache/derby/iapi/sql/compile/OptimizablePredicate.java
7cbd519e6651c021dcdc5d37760aa80828245873bd17269175c6b649af077f12	delosdb-engine/src/main/java/org/apache/derby/iapi/sql/compile/OptimizablePredicateList.java
02b4b66db820f6eb0df12825019399d0a861537f9be1f3d34144cfa78d9b62ff	delosdb-engine/src/main/java/org/apache/derby/iapi/sql/compile/Optimizer.java
af92d46b8ec02e3ac84b1fdf4d21d97113066837d983b3f7d0974502c3953384	delosdb-engine/src/main/java/org/apache/derby/iapi/sql/compile/OptimizerFactory.java
422f0236dc3beccb0165ff8123f1ceb49d0bed13264af97eb8b780c3da25165b	delosdb-engine/src/main/java/org/apache/derby/iapi/sql/compile/OptimizerPlan.java
0001b5a22033a766cb2381f44481d713a46284a8afafaeb68a4fb204b2fba47a	delosdb-engine/src/main/java/org/apache/derby/iapi/sql/compile/Parser.java
97b9907eac1a0be8da5d854415ab518d359e2ddf49d484e8dcaff7bc682709d9	delosdb-engine/src/main/java/org/apache/derby/iapi/sql/compile/RequiredRowOrdering.java
2741dc4aa8e1f3b1f0861aba1dd3f881188cb1f204c10f752122b3e4fca4fee3	delosdb-engine/src/main/java/org/apache/derby/iapi/sql/compile/RowOrdering.java
f916bd10bbf44d16cfd5dff716535ebea54a9bde1917df0db9618e2ced048478	delosdb-engine/src/main/java/org/apache/derby/iapi/sql/compile/ScopeFilter.java
79e3ce27789acdbcd9b3c98d79f94ddccd93f9f56c819ab50fabbcef979ded7e	delosdb-engine/src/main/java/org/apache/derby/iapi/sql/compile/StablePlanExecutionRenderer.java
c86ec5cad875063bed3eb6b1a19ca75c261ad66740ba16d2046a6d88aa5876bc	delosdb-engine/src/main/java/org/apache/derby/iapi/sql/compile/StablePlanModel.java
95130cd297142ebb51c61bf927d4390db2eb7caf58da03e1016bc8e12a2c4efd	delosdb-engine/src/main/java/org/apache/derby/iapi/sql/compile/StablePlanRenderer.java
399d1fa85d99f2852714054a3fb806f242a1b6688e097f4a805f816b3b61ce03	delosdb-engine/src/main/java/org/apache/derby/iapi/sql/compile/TagFilter.java
7cd7484fea44033ffb2acd47cbd6f9ee8f3a99377697557d6acd3a742adc3d07	delosdb-engine/src/main/java/org/apache/derby/iapi/sql/compile/TypeCompiler.java
514614d1cb93288ce38c155a60348c6b4770625dcda37bdf0919933704c63cc0	delosdb-engine/src/main/java/org/apache/derby/iapi/sql/compile/TypeCompilerFactory.java
b17d76f163f368f936a685b3bf9993bbfd7ee1a3bc0f1585d5a5cc116934cbdf	delosdb-engine/src/main/java/org/apache/derby/iapi/sql/compile/Visitable.java
4d0eb63d753b2484e27bfa8bad264caccc1b71e39390e8e3b9332b37ef8b87b5	delosdb-engine/src/main/java/org/apache/derby/iapi/sql/compile/VisitableFilter.java
89dbf36f86357d717926ba789eea75f7f65f8f658c16682585eeca1aecd5549f	delosdb-engine/src/main/java/org/apache/derby/iapi/sql/compile/Visitor.java
404feb9744c6580b5c573b8bc0ca8b2c89550f4f628b9efedd448233b9c9a505	delosdb-engine/src/main/java/org/apache/derby/iapi/sql/conn/Authorizer.java
9553b79e3d732bd6948901b7e2b83c1fb4cebec3f4233e647e4a3c200682e2fc	delosdb-engine/src/main/java/org/apache/derby/iapi/sql/conn/ConnectionUtil.java
50ef3c0bdcb203aab0878c1b358718474b72ebf934ff6c3c212362489036d62f	delosdb-engine/src/main/java/org/apache/derby/iapi/sql/conn/LanguageConnectionFactory.java
adb95e253fde46ffd3c77cb660c12d5aaa952843d14116b557dba5bfc373f1b0	delosdb-engine/src/main/java/org/apache/derby/iapi/sql/conn/SQLSessionContext.java
c43bf534065ccaa2c94a4f76d4d1898170ab54921f43217917d61e4c80e6510d	delosdb-engine/src/main/java/org/apache/derby/iapi/sql/conn/StatementContext.java
6b2920a1ba2e377df41fa27d36165a94ad53a8c055609d2650f31dd7edb901ea	delosdb-engine/src/main/java/org/apache/derby/iapi/sql/depend/Dependency.java
7f6e7c1b956b4b3a5c609eb3b1596ae63a10da05df4a6c95438ad1ad3db01e6e	delosdb-engine/src/main/java/org/apache/derby/iapi/sql/depend/DependencyManager.java
0591ecab77ca5247465974a76d645bceb9668362481ea69aaeef5a52790374b3	delosdb-engine/src/main/java/org/apache/derby/iapi/sql/depend/Dependent.java
8131eab6afb79ba1da1f93e3ae28dc2ad9ae40094c0dd322eaca067763d14a2c	delosdb-engine/src/main/java/org/apache/derby/iapi/sql/depend/Provider.java
8e2da827cb93fa2a9298e8683029283b1233f6cf40ff7a785cbae90c8c6ea6a2	delosdb-engine/src/main/java/org/apache/derby/iapi/sql/depend/ProviderInfo.java
0a241b2027e1e996c86a233a4e6cbd127a6e009c536f9e239efa6634a8192452	delosdb-engine/src/main/java/org/apache/derby/iapi/sql/dictionary/AliasDescriptor.java
c366b834f1e1a93c0af1e91bd8f548847872131e4df92895b14c8e780efd633a	delosdb-engine/src/main/java/org/apache/derby/iapi/sql/dictionary/BulkInsertCounter.java
467d17d744c72f59f7f67d728e9a10a837e35a6a6cd2300392e41ec455a065d8	delosdb-engine/src/main/java/org/apache/derby/iapi/sql/dictionary/CatalogRowFactory.java
b42e454793aa61971bc9a1d7e7a8b98eb247f03ea42af8a21ddafa996ea44cd6	delosdb-engine/src/main/java/org/apache/derby/iapi/sql/dictionary/CheckConstraintDescriptor.java
06e9c6ccfac57497b405ed6e26735043b932686efc6e66a99f19624f9d38c6b2	delosdb-engine/src/main/java/org/apache/derby/iapi/sql/dictionary/ColPermsDescriptor.java
fe23dd5a891d73c8d1f971e0d391210bf4f3a9c70993e948a288f92bf9061f17	delosdb-engine/src/main/java/org/apache/derby/iapi/sql/dictionary/ColumnDescriptor.java
ac33ea01072ee695d624dcb315d6fd57f292add741e7f4b782ba5a039745cd58	delosdb-engine/src/main/java/org/apache/derby/iapi/sql/dictionary/ColumnDescriptorList.java
fa05e7dc79a61979f4e0b9d1543c14300bc434d125a60d69fc6b7e24e486da73	delosdb-engine/src/main/java/org/apache/derby/iapi/sql/dictionary/ConglomerateDescriptorList.java
606eeb780d68d51a0afb97d72166767310e39c75e705ef18147cdfa518fff3fd	delosdb-engine/src/main/java/org/apache/derby/iapi/sql/dictionary/ConsInfo.java
9b9bc30817eb548a8e359b389ccb8bbfd3e89f9125b8026bae67a19c7b9d8894	delosdb-engine/src/main/java/org/apache/derby/iapi/sql/dictionary/ConstraintDescriptor.java
91536abbd31fc496a559e282f045deffda25633aeff1a0ce39f4168f042b34b3	delosdb-engine/src/main/java/org/apache/derby/iapi/sql/dictionary/ConstraintDescriptorList.java
88f8fb347761ecfb603d3ae5f3b41e649a5392e989200a64733d7e51fa0f9276	delosdb-engine/src/main/java/org/apache/derby/iapi/sql/dictionary/DefaultDescriptor.java
62548d49a2f3d73e9a55566c87928f7b6c280b5de1954473b80b549482d5852c	delosdb-engine/src/main/java/org/apache/derby/iapi/sql/dictionary/DependencyDescriptor.java
f657ee558ef00b50d07e18354c6754072d1c1ad0620a409645bbe9575e574f33	delosdb-engine/src/main/java/org/apache/derby/iapi/sql/dictionary/FileInfoDescriptor.java
adbbcd53e0a4eed873aa51581907b6d4450e08386b5681c7e6c73f4c5b83a5ff	delosdb-engine/src/main/java/org/apache/derby/iapi/sql/dictionary/ForeignKeyConstraintDescriptor.java
891a9277a8f1193f73d93851a033604e120f3dc99e292fa1ca6df1d0ad17a62b	delosdb-engine/src/main/java/org/apache/derby/iapi/sql/dictionary/GenericDescriptorList.java
ddfc7c31e1963a9235bb710051c35058a3f49827f4cce9bc0394c9747330e0de	delosdb-engine/src/main/java/org/apache/derby/iapi/sql/dictionary/IndexLister.java
a055221a76e7040ff74f0fdb555215f296305ab257641d0d2df4a7b92abbb3bb	delosdb-engine/src/main/java/org/apache/derby/iapi/sql/dictionary/KeyConstraintDescriptor.java
49b9a832b7c77b9f9079ee459621dba9eeb8769e661fb4f228bb16822f062495	delosdb-engine/src/main/java/org/apache/derby/iapi/sql/dictionary/OptionalTool.java
c845dcbe2e2432af4fb72f0dd975faee31df22ec1f5e5173842e6894d2568da0	delosdb-engine/src/main/java/org/apache/derby/iapi/sql/dictionary/PasswordHasher.java
2de6b3f386a4b08cf60905a83d064ef8157b59cf74d4425b08e8defb237222b1	delosdb-engine/src/main/java/org/apache/derby/iapi/sql/dictionary/PermDescriptor.java
3ea8714ffaaae89f2cb942489ecd7541aaef5cd4f5b59a233e8317d5a5df7379	delosdb-engine/src/main/java/org/apache/derby/iapi/sql/dictionary/PermissionsDescriptor.java
39a8c5eb8ce159880d5921b46b1f3fa93d0c61eeb270180a50ffab885a2546f0	delosdb-engine/src/main/java/org/apache/derby/iapi/sql/dictionary/PrivilegedSQLObject.java
0558341228e03a871a3ba1956fe22c1c55bf77adebaa85c1e57c334558c0db58	delosdb-engine/src/main/java/org/apache/derby/iapi/sql/dictionary/ReferencedKeyConstraintDescriptor.java
fc8407158eb4fd2a42685b81a6d03802a8c59b8480183ac554676f45325c8e42	delosdb-engine/src/main/java/org/apache/derby/iapi/sql/dictionary/RoleClosureIterator.java
341f887b888554e50218678111f879d646c4ae77ad2d75918e2d5d1f440ecc86	delosdb-engine/src/main/java/org/apache/derby/iapi/sql/dictionary/RoleGrantDescriptor.java
08bd8fd48f48eecc1c99841615531abff9275ac1163ef7a1802469008784147d	delosdb-engine/src/main/java/org/apache/derby/iapi/sql/dictionary/RoutinePermsDescriptor.java
381d0f3b80b6b764002e44c53540c6b3b8914f95bc4f357e4ebfa32292827533	delosdb-engine/src/main/java/org/apache/derby/iapi/sql/dictionary/SchemaDescriptor.java
1a8009e1bbed14aeaad48b135cfefcc21a245857068c93133162e67332fbfa16	delosdb-engine/src/main/java/org/apache/derby/iapi/sql/dictionary/SequenceDescriptor.java
1bc672e2c68e6d226ccb62ec7319a4193db729ac6199cb2ac43a83b6cce65c69	delosdb-engine/src/main/java/org/apache/derby/iapi/sql/dictionary/StatementColumnPermission.java
cb8b7429e46ddd8f5734881d669464fe8c5a864c0cc8607690ea984af909b64d	delosdb-engine/src/main/java/org/apache/derby/iapi/sql/dictionary/StatementGenericPermission.java
73541c5608b72feae9e9cafd459ae77d0459d95a974cf7619cac6e65aef0f712	delosdb-engine/src/main/java/org/apache/derby/iapi/sql/dictionary/StatementPermission.java
36551eea03914cea52546b499a1609715eaa431c31d1704eb0c2a6be821b9c6c	delosdb-engine/src/main/java/org/apache/derby/iapi/sql/dictionary/StatementRolePermission.java
99951073e49a1226b6b4e49c4fb94205ed9945745b7bfa44688df692f2e48db5	delosdb-engine/src/main/java/org/apache/derby/iapi/sql/dictionary/StatementRoutinePermission.java
2e0228a10c454036be70d9f14976cc90f19ad5d0d713f1bd5bcc95c844a13759	delosdb-engine/src/main/java/org/apache/derby/iapi/sql/dictionary/StatementSchemaPermission.java
d68a110fb5e53d22c4496e1e786153dfdcd86ce1a128d3efd71318871dfb1e53	delosdb-engine/src/main/java/org/apache/derby/iapi/sql/dictionary/StatementTablePermission.java
f84e664e72d644564b4487236ef3eb52b041f12506855a914b4854b36a191743	delosdb-engine/src/main/java/org/apache/derby/iapi/sql/dictionary/StatisticsDescriptor.java
1749af39d448f8f8bb472bb426799770763c2630a04dbc5194f8b776a592e5c6	delosdb-engine/src/main/java/org/apache/derby/iapi/sql/dictionary/SubCheckConstraintDescriptor.java
1e935536c531b3e2a61ba94be31221c44039b8247c2d893dba18eef640cf3d5c	delosdb-engine/src/main/java/org/apache/derby/iapi/sql/dictionary/SubConstraintDescriptor.java
155fb995ddd4fa81535c829b9f5a1fcafd109c999c8fc4ba1a6e937bba5f2d0f	delosdb-engine/src/main/java/org/apache/derby/iapi/sql/dictionary/SubKeyConstraintDescriptor.java
b647d34c3727e667e7b058d39d66489e60f0450fbf53682fc4309d25dcf8f863	delosdb-engine/src/main/java/org/apache/derby/iapi/sql/dictionary/SystemColumn.java
e7f53d2561c0a11904a5bc30af5a1c8a35d8b274b5c74007987a530c6440fc1f	delosdb-engine/src/main/java/org/apache/derby/iapi/sql/dictionary/TablePermsDescriptor.java
01b6e2498b1abff6f1d36ec443a34f588b02fde9f6318e16ab04a3d749567753	delosdb-engine/src/main/java/org/apache/derby/iapi/sql/dictionary/TriggerDescriptor.java
bb8d9082e18f5166abbbc451b89e2d730a50cb4fd30bc194dc0f358f5c802378	delosdb-engine/src/main/java/org/apache/derby/iapi/sql/dictionary/TriggerDescriptorList.java
59e7c24d9193653a71a722e4d906b7f925084f3726567fb79502fa87925b5ae1	delosdb-engine/src/main/java/org/apache/derby/iapi/sql/dictionary/TupleDescriptor.java
0c8d467e340e6584479acebb49e49f0d16ad117d78333a4d61fe93c04f234a61	delosdb-engine/src/main/java/org/apache/derby/iapi/sql/dictionary/UniqueSQLObjectDescriptor.java
285a8bf46d9e66dbab01d2614138203eb068c3e22fa3fe94ab4314518dd5692f	delosdb-engine/src/main/java/org/apache/derby/iapi/sql/dictionary/UniqueTupleDescriptor.java
0aafbbcc6d5aad45e3ee0bc90ec3de045ca8028df36239c7db4be3a5c0d49943	delosdb-engine/src/main/java/org/apache/derby/iapi/sql/dictionary/UserDescriptor.java
3cf68dad92be53030b06de32f712bb746cde0e4543775b092af1a6ea08e83f2b	delosdb-engine/src/main/java/org/apache/derby/iapi/sql/dictionary/ViewDescriptor.java
77553c278b4f6441dde2e9bd57baca4d0d06f613eb08b2b72fa6432144a191a8	delosdb-engine/src/main/java/org/apache/derby/iapi/sql/execute/ConstantAction.java
36a853f51cdc4b11cf4b05d2d23cf6e88dd7667efbadd5ea6d4414a9fc1e6f30	delosdb-engine/src/main/java/org/apache/derby/iapi/sql/execute/CursorActivation.java
4e037752a5013748100c0cbe1b56aba4a146046feb3384a12f9046ca6a39938c	delosdb-engine/src/main/java/org/apache/derby/iapi/sql/execute/CursorResultSet.java
ad143a103590b08d2386e06423f30cbfdbe4a4c7f2400a19bf74def014dc4c79	delosdb-engine/src/main/java/org/apache/derby/iapi/sql/execute/ExecAggregator.java
72598068d97d9a2e19776b50fd3d8c27f91d36ba25600cb8c264650f99a6c8b6	delosdb-engine/src/main/java/org/apache/derby/iapi/sql/execute/ExecCursorTableReference.java
34e67f9ee3241fb1c38d63e0879fee45f4f653b6b8ec9a6ffecf3b544ad89e4e	delosdb-engine/src/main/java/org/apache/derby/iapi/sql/execute/ExecIndexRow.java
faf5bd1da5926f3503653bb054978850daed7f29af2a46c031745947f2c1cf92	delosdb-engine/src/main/java/org/apache/derby/iapi/sql/execute/ExecPreparedStatement.java
4399c3eb2b03179b1164aab8f0c233df0e091420e9007d59b4f06627b27010d6	delosdb-engine/src/main/java/org/apache/derby/iapi/sql/execute/ExecRow.java
b23b8bcd8fd806b977e8308d3cebd1b848d519dd143433af0a6a04152f46f6f4	delosdb-engine/src/main/java/org/apache/derby/iapi/sql/execute/ExecutionContext.java
4de3874b3b903081ee589ae0b03ddd2d2d933b45f6d860d1ef513c24bae855cb	delosdb-engine/src/main/java/org/apache/derby/iapi/sql/execute/ExecutionFactory.java
207a46799568bd0e184072577c117885d1afd7776a1e679d6697fa6f2ade65d9	delosdb-engine/src/main/java/org/apache/derby/iapi/sql/execute/ExecutionStmtValidator.java
1ff27e3740b871e30a27b142bda022d29ccdf001beff6a904b1e38069fa3e838	delosdb-engine/src/main/java/org/apache/derby/iapi/sql/execute/NoPutResultSet.java
5101c788f41245b78838b75d67161d116a1007cb174743358b4a091388cd05d7	delosdb-engine/src/main/java/org/apache/derby/iapi/sql/execute/ResultSetFactory.java
227c140af43e061906a25cb7397120f9054f8d37e6e59bc628a269c5ec45977b	delosdb-engine/src/main/java/org/apache/derby/iapi/sql/execute/ResultSetStatistics.java
d33c90a80e1cb80f035bdd25d9b3498eb811120c0c44cad962788d1160cc6852	delosdb-engine/src/main/java/org/apache/derby/iapi/sql/execute/ResultSetStatisticsFactory.java
f2a908ea97eb9305cb766afc8b83de2ac0c7659865180cb78a2dece810919a4e	delosdb-engine/src/main/java/org/apache/derby/iapi/sql/execute/RowChanger.java
7e9052e8c526206443c81e5a7aed99c99fc7dd686420cdad912881e2fd95b09b	delosdb-engine/src/main/java/org/apache/derby/iapi/sql/execute/RunTimeStatistics.java
ee09b5f3bfda36305b43386832cbcd58806a2951df43be237eedf7f69a38396f	delosdb-engine/src/main/java/org/apache/derby/iapi/sql/execute/ScanQualifier.java
031d492a995ad3dd83e0f8101c0f9e6a98dab86e4b69b90041b7da786d90ec58	delosdb-engine/src/main/java/org/apache/derby/iapi/sql/execute/StablePlanExecutionEvidence.java
45eee3faa1813e21540cefe2fc951be2b6cfdb7672afb7b8a14400c1fbff0137	delosdb-engine/src/main/java/org/apache/derby/iapi/sql/execute/TargetResultSet.java
49561eba4032cba33c4766d7559d6a2e2133b1c6ec1e378cd4a6988214b68b94	delosdb-engine/src/main/java/org/apache/derby/iapi/sql/execute/TemporaryRowHolder.java
04193bdb99c6b341f5996b6c3d0c5bb454032dab0675eea0801ca6428054c12a	delosdb-engine/src/main/java/org/apache/derby/iapi/sql/execute/TupleFilter.java
47619ffa6527f9e87b4ab08f58ccb1e451a51566df7d0592a1ac9850ca5fcb32	delosdb-engine/src/main/java/org/apache/derby/iapi/sql/execute/xplain/XPLAINFactoryIF.java
40d72113c83bfe3aacd2dd9b8f71bb4f574ccd5cb733e4aec707c89700e8ee41	delosdb-engine/src/main/java/org/apache/derby/iapi/sql/execute/xplain/XPLAINVisitor.java
537ac04db52edbe8a2e79b7b7c41970ecb3dfa682d6f83c140c880ea27ce177e	delosdb-engine/src/main/java/org/apache/derby/iapi/sql/execute/xplain/XPLAINable.java
7bb4ad9efa4433e943c1f25fd4ea5f02ee612c5cc9a8ee22ddd1691fcf49bf47	delosdb-engine/src/main/java/org/apache/derby/iapi/transaction/TransactionControl.java
af62adf5399c60c2eae83769154903777675330b74a2c6c3b051a6cbe9e4688e	delosdb-engine/src/main/java/org/apache/derby/iapi/transaction/TransactionListener.java
da40716c5ede1ace7e9adb604391066f307e8775babfdd32e1ffa6e4f67e5976	delosdb-engine/src/main/java/org/apache/derby/iapi/types/BitDataValue.java
d2497a7262865309399e64c131ffb6f96c60ec3e4d138a7ec326104ef6c6d28e	delosdb-engine/src/main/java/org/apache/derby/iapi/types/BooleanDataValue.java
efb0b1333fb6873894304bcfa4d1c1bd87d2615c769796fc403317922b715f16	delosdb-engine/src/main/java/org/apache/derby/iapi/types/CharStreamHeaderGenerator.java
fdeca2b5fcf89cce4dc7048c166f2b413ec2687f008d3d258fe2fa57369b4390	delosdb-engine/src/main/java/org/apache/derby/iapi/types/ClobStreamHeaderGenerator.java
894f142a36370faed522f6ec40c7e5da738c735a931e1ff40a145c117855b8c5	delosdb-engine/src/main/java/org/apache/derby/iapi/types/CollationElementsInterface.java
3fe2dc72b39f46b2a5f6224bd8b131da315976daf647372f0e0865c53b5346ff	delosdb-engine/src/main/java/org/apache/derby/iapi/types/CollatorSQLChar.java
90a8a6ae00d53415ff27d4e806125cb62ff2e80156f7678b92317116f06521a1	delosdb-engine/src/main/java/org/apache/derby/iapi/types/CollatorSQLClob.java
5592903db7c707cdf0ecca4c1c6d50ae5d085f0fcb694908a5f879df302b018b	delosdb-engine/src/main/java/org/apache/derby/iapi/types/CollatorSQLLongvarchar.java
f8b2d52569958de617acad1153d1c5b78fc3dc0cc8e4b4ab6f4f61c0d02ecac1	delosdb-engine/src/main/java/org/apache/derby/iapi/types/CollatorSQLVarchar.java
30339297b883265fc5509264447e82c79b1ec67cf888cbf28b6ef1b6d749f682	delosdb-engine/src/main/java/org/apache/derby/iapi/types/ConcatableDataValue.java
535092c0972b2e05afa46b55412933cc6c64e9031558b542f816d2c405e9bcf4	delosdb-engine/src/main/java/org/apache/derby/iapi/types/DTSClassInfo.java
9606c900ba4bcb24c9304340e22c2eeaf3a4a886102dd82fd6b36f1e9adc744d	delosdb-engine/src/main/java/org/apache/derby/iapi/types/DataTypeDescriptor.java
38f6efceca0af357873877a1586243ee1f9842d9eabe635a85096b690c905fa5	delosdb-engine/src/main/java/org/apache/derby/iapi/types/DataTypeUtilities.java
c49b136fb02792b55ff85e5646da856cd07e346f69dce69cdd69f2197c2465a5	delosdb-engine/src/main/java/org/apache/derby/iapi/types/DateTimeDataValue.java
077bb09beef440c9429edde40693c38625bd2f770e4bc41b46d2dcbe9f38d844	delosdb-engine/src/main/java/org/apache/derby/iapi/types/DateTimeParser.java
d358ea7220c4f60eb590eaf9cee898bcff51ae2fe7f79a42e76c3f8be7b5ab2d	delosdb-engine/src/main/java/org/apache/derby/iapi/types/HarmonySerialBlob.java
5bbd255b584f95908ba0477cb460f0b7f8914a6ee05531194215bf85865f0f40	delosdb-engine/src/main/java/org/apache/derby/iapi/types/HarmonySerialClob.java
e725e673e9ee4f0f1998203d770ed361df8dc4450ed38da8ad504c11de099d40	delosdb-engine/src/main/java/org/apache/derby/iapi/types/JSQLType.java
efbcf8c77f5681a924e6f600aee52f9a831368c83ffd9a490986432f7435f8ce	delosdb-engine/src/main/java/org/apache/derby/iapi/types/Like.java
71a1f5c36d7acdc62be3f1d02d2d5fcdf43962143520421029921c13735eaa33	delosdb-engine/src/main/java/org/apache/derby/iapi/types/NumberDataType.java
4840d7088f72003363f6e5639a5c90af6891b4811cacc84b7f4cd43bb2fa4569	delosdb-engine/src/main/java/org/apache/derby/iapi/types/NumberDataValue.java
e10891bde511aa8481c8bc3d44a929da4ae5f7aa3216edf8c2fdfcdb4897bbb9	delosdb-engine/src/main/java/org/apache/derby/iapi/types/PositionedStream.java
83a3a6e1624468fde313526275fd5fd0fc5576481b0438b40c26dff64516a3f5	delosdb-engine/src/main/java/org/apache/derby/iapi/types/RawToBinaryFormatStream.java
325db8ec0aed10991e1f6581a4e71c52c956bacbc79e20bc6cce4047927ec2c3	delosdb-engine/src/main/java/org/apache/derby/iapi/types/ReaderToUTF8Stream.java
dcf0a9e626fb6e3a95976c1aad04f95c42bb34fb863140839e8aeb03e784c7d4	delosdb-engine/src/main/java/org/apache/derby/iapi/types/SQLBit.java
ece315992d0309f31d8ae10b1b4d49a46346f3e66ec81739b01f95fd93d4f789	delosdb-engine/src/main/java/org/apache/derby/iapi/types/SQLBlob.java
a2d7edbeab072ce68601434ed9b8b32c9c90f7cd2e1b13b8c344ccc6532f1ba7	delosdb-engine/src/main/java/org/apache/derby/iapi/types/SQLDouble.java
b997a62c82c6a13a8714b6e5b471451cca22df3ff0f27eafd281862ab5a820c2	delosdb-engine/src/main/java/org/apache/derby/iapi/types/SQLInteger.java
50b552ce721778c959854a0150ff17593bf9e1f1a2fe1e12967fabf810573a62	delosdb-engine/src/main/java/org/apache/derby/iapi/types/SQLLongVarbit.java
0b8d1c901e5519c11db29e8c4a9eb0c642fa1aaeaf4f8eb1edcd638c7b1b1372	delosdb-engine/src/main/java/org/apache/derby/iapi/types/SQLLongint.java
9b4696d0aea38cd18c716b2743eeab77209c337088ada3047f0e934d808a653a	delosdb-engine/src/main/java/org/apache/derby/iapi/types/SQLLongvarchar.java
9bff71cf0f81870feaf81ec28b2489defd3d8ffd8780e29aea32bf755a1605e5	delosdb-engine/src/main/java/org/apache/derby/iapi/types/SQLReal.java
76aed857c46abeba105fb6b911a803800c79206780fd54a8879baa84ce96d247	delosdb-engine/src/main/java/org/apache/derby/iapi/types/SQLSmallint.java
bf6d688e4531c578b0bc935e139c5139b13448d4712a94b60ad954fc94c61cc8	delosdb-engine/src/main/java/org/apache/derby/iapi/types/SQLTime.java
04a137c93fee0e2bd0bc59d9b7ccec0a0dac3054a89efb58eacbddc18dd85c6f	delosdb-engine/src/main/java/org/apache/derby/iapi/types/SQLTinyint.java
d7800aa93f949c5e4d9c349fe802262af911b86511989d004b38b49b179028fd	delosdb-engine/src/main/java/org/apache/derby/iapi/types/SQLVarbit.java
116f95f67db5dbf788bad58348cb131372e6e87bb7e8f733ead25dc404962678	delosdb-engine/src/main/java/org/apache/derby/iapi/types/SQLVarchar.java
f7fe1babae982e2f94fda4adaac7526308cce02df4bf6143d9c494246eae9501	delosdb-engine/src/main/java/org/apache/derby/iapi/types/StreamHeaderGenerator.java
11ebfb3fed2f557584f2ea33611b8f3a11e395d385844de8a14e2af46883ecdf	delosdb-engine/src/main/java/org/apache/derby/iapi/types/TypeId.java
8c3bbaadfad90c5bbc6f015234273d636d311bb55d64710ffe7aa4e6e24b0a66	delosdb-engine/src/main/java/org/apache/derby/iapi/types/UserDataValue.java
2735fb1e9d4088ece5ee2651f3a03dbe3b209138aecd9562774a19c0c5bf9967	delosdb-engine/src/main/java/org/apache/derby/iapi/types/UserType.java
2ebdbe005d7c713a2eb0d19a0cd5d579a3077269069754f5ceaa5924e298f9af	delosdb-engine/src/main/java/org/apache/derby/iapi/types/VariableSizeDataValue.java
e83cfaa3ac895cab2fe610321ae57a154690ec640adeeef15af2c0dee8e7ba27	delosdb-engine/src/main/java/org/apache/derby/iapi/types/WorkHorseForCollatorDatatypes.java
143dc909dcf7a2374800ae175da73572a5e6dd392feb7aea8c4976036247b887	delosdb-engine/src/main/java/org/apache/derby/iapi/types/XML.java
2777140b2f50ed842aeef429527538b08daec02977c4f7a9f1fec28f7164250f	delosdb-engine/src/main/java/org/apache/derby/iapi/types/XMLDataValue.java
729048443a1d607ba25bea1e70116e8b2803a98b0eabd71e0ab15a15640f0c53	delosdb-engine/src/main/java/org/apache/derby/impl/db/DatabaseContextImpl.java
4d98a959fcd33c30449d37caa21f67cd9ecca43103ec290f6b6ff1bd13528389	delosdb-engine/src/main/java/org/apache/derby/impl/db/StoreClassFactoryContext.java
652b8c2739e35ae1a6066f93a081d3a35c4011bb3c050ace099e3052b5182ce3	delosdb-engine/src/main/java/org/apache/derby/impl/io/BaseStorageFactory.java
0ad54664c1041784b9c6dde90341a1cd0a7df149d8bfc0419bda836329918800	delosdb-engine/src/main/java/org/apache/derby/impl/io/CPFile.java
d62b1c62395e64af265da000bf323eeb820f1e481d2b5d41e55dc18fa8f934e0	delosdb-engine/src/main/java/org/apache/derby/impl/io/CPStorageFactory.java
f102998fce4e16a44ae24ee5234d8708af2b9b7453f9e98fd247185b7195a713	delosdb-engine/src/main/java/org/apache/derby/impl/io/DirFile.java
694958e17b17ca9973dd071766e9c4c7ca0ed2f709b4d5b4c8775cedbcfc0550	delosdb-engine/src/main/java/org/apache/derby/impl/io/InputStreamFile.java
3e458823e333ef2ae48a0effba30baa4bb29d8fc823e8c79ba1f72266fa737bc	delosdb-engine/src/main/java/org/apache/derby/impl/io/JarDBFile.java
79f79f0b35bd29ef9ea1d07f4fcf488db636db3a6c87acb2f9e77de910259873	delosdb-engine/src/main/java/org/apache/derby/impl/io/JarStorageFactory.java
59101617328c162443dcf15d9261d0b0236d50bd55930714409640dd995b142c	delosdb-engine/src/main/java/org/apache/derby/impl/io/URLFile.java
8fa1041f25c1544d0b9e3a187c171180fe6440cdafb16034cebadc24c094e411	delosdb-engine/src/main/java/org/apache/derby/impl/io/URLStorageFactory.java
2c430f8aa0cae56d28c4f6eb861339404ebd4b2b2bec900317ef660fb32f9177	delosdb-engine/src/main/java/org/apache/derby/impl/io/vfmem/BlockedByteArrayInputStream.java
ba5472c38f59157363f244329d520e745bdccac55eca6b3b8d3b0ff5cd07a7c4	delosdb-engine/src/main/java/org/apache/derby/impl/io/vfmem/PathUtil.java
c932829048afa6361665548d784e834dd67bd5c849748664d92eb4206dbac431	delosdb-engine/src/main/java/org/apache/derby/impl/io/vfmem/VirtualFile.java
fc893235580beb8fcb5fa8cc6a93696077c788877825699631699586ba2b561c	delosdb-engine/src/main/java/org/apache/derby/impl/jdbc/AutoPositioningStream.java
7266e1c54ece736958871a168027ecf6ccd2d60fef8d2e33ad42dc4694ba24b4	delosdb-engine/src/main/java/org/apache/derby/impl/jdbc/BinaryToRawStream.java
5f9c652cbbaac6f2ed1b9625d41b2b533b68a2de15415320a93ee1fb4fa3ffc1	delosdb-engine/src/main/java/org/apache/derby/impl/jdbc/ClobAsciiStream.java
0c5be61f380b67fd1424322b7011c34a94e1379a37ddacd90b943ae20ce85f11	delosdb-engine/src/main/java/org/apache/derby/impl/jdbc/ClobUpdatableReader.java
5ca3116d1d5188586a9d19341b30f526581caae2d238353cd4be6b90439e5fdd	delosdb-engine/src/main/java/org/apache/derby/impl/jdbc/ClobUtf8Writer.java
70ae71859ef55368ab280e151f9c1bafdbf02626fd94de21502eee6e147c1d81	delosdb-engine/src/main/java/org/apache/derby/impl/jdbc/ConnectionChild.java
a7b0b8b25b5e42f65f1d2b5df8951a1df7804ecd51731adac519a8eabdeec66c	delosdb-engine/src/main/java/org/apache/derby/impl/jdbc/EmbedCallableStatement42.java
1feb7267eb504254dc7e3cb3cc8e55dff47fb7acbdf629d284d78afd94a27cea	delosdb-engine/src/main/java/org/apache/derby/impl/jdbc/EmbedConnectionContext.java
c8ca62a666ded188a5fd192a1d62489b4c07c3b7620e87bddac32933e8484302	delosdb-engine/src/main/java/org/apache/derby/impl/jdbc/EmbedDatabaseMetaData.java
7b1b7b2fd95580515cb4e3829afeb3763762c975b9b714dca71e090b5b77e57d	delosdb-engine/src/main/java/org/apache/derby/impl/jdbc/EmbedParameterSetMetaData.java
0beb45dacf93732cc1fbd32e61df679ffdb785d0b3623c5a4cc5d3bdb3c34f0f	delosdb-engine/src/main/java/org/apache/derby/impl/jdbc/EmbedPooledConnection.java
bc9db0d338fbc7e58b83663df9945cc4e8d2dc23c79f6b63fc846a821df821a8	delosdb-engine/src/main/java/org/apache/derby/impl/jdbc/EmbedPreparedStatement42.java
e2de4698140a59e31610bce16ec345fbaadcced75daea9bfc2ebaa0a0b0d8e15	delosdb-engine/src/main/java/org/apache/derby/impl/jdbc/EmbedResultSet42.java
9b4972d1d6782fb69b65f6c64e8650f22fe440ad5701f2474b4b3980104e251a	delosdb-engine/src/main/java/org/apache/derby/impl/jdbc/EmbedResultSetMetaData.java
83a4236176db8e0df8102531d19bf1eecf08afcba54e5f284de0fac69eca471c	delosdb-engine/src/main/java/org/apache/derby/impl/jdbc/EmbedSavepoint.java
49b67ad8442ae3d6325da3defe208bdf62bec6d0fbdad418ba8da433a5089da6	delosdb-engine/src/main/java/org/apache/derby/impl/jdbc/EmbedXAConnection.java
0a3705ac3ba60b83d2b51957e38aee8d5c52476160ba86c70b3e007967b71d2a	delosdb-engine/src/main/java/org/apache/derby/impl/jdbc/EmbedXAResource.java
7e4674098ee4c9808807e010eb8d4401b5e5025c0a62c3b0c46efd2ae6f6cda1	delosdb-engine/src/main/java/org/apache/derby/impl/jdbc/EncryptedLOBFile.java
d87e7e6d113b23e634d0bea83fdae8c342c7458cb44a8855cf7f72601778b6d7	delosdb-engine/src/main/java/org/apache/derby/impl/jdbc/InternalClob.java
8e965ffbac82919639f338884fe1dc63ef3574519119d21ae10d85be79cfa8ac	delosdb-engine/src/main/java/org/apache/derby/impl/jdbc/LOBFile.java
6025e793df3490cc28aa855a83a00eafef72bed9b8e7f96127fe261728d3707d	delosdb-engine/src/main/java/org/apache/derby/impl/jdbc/LOBInputStream.java
717f5cc582586ac419f7472af124fc8d684be1236af9a0d14b3cfa6447bda013	delosdb-engine/src/main/java/org/apache/derby/impl/jdbc/LOBOutputStream.java
2578fa54b574d85c6a63a323e6b1675b30547198081cb66c3672d322ed278622	delosdb-engine/src/main/java/org/apache/derby/impl/jdbc/LOBStoredProcedure.java
18f0a9322cd88cdaba8f34133141e50bb70060b269c7277a62cbc4113847e4bb	delosdb-engine/src/main/java/org/apache/derby/impl/jdbc/ReaderToAscii.java
9f78b884061247aef8cab8df2bc3194f5b5296c5805547c6b8a8cc154c058d15	delosdb-engine/src/main/java/org/apache/derby/impl/jdbc/SQLExceptionFactory.java
0c4d638c3e1e76d05dbdf9626c43d515c89e01ab1178604d27a8cbaaa554b12a	delosdb-engine/src/main/java/org/apache/derby/impl/jdbc/TemporaryClob.java
de93a74d3cfea6923ddc7dda11c126eb9737a26b56c85214943e118c29d78b35	delosdb-engine/src/main/java/org/apache/derby/impl/jdbc/TransactionResourceImpl.java
0362f9541eab6eaa96224fa27204d4202cc92cb9afc4a47554070765117958c8	delosdb-engine/src/main/java/org/apache/derby/impl/jdbc/UTF8Reader.java
d4cae73f8b43dcbe979c12b84e93749ce4daf79830a7cac073db4fc8645bdd6a	delosdb-engine/src/main/java/org/apache/derby/impl/jdbc/UpdatableBlobStream.java
7c9cf771c976ae1372ecf3dfadc41d600353777e1e429042a9cab4445eeea51d	delosdb-engine/src/main/java/org/apache/derby/impl/jdbc/Util.java
d776fd8559085a76151f9dd45a2be65ad988f2a6bee956064d5f45170cc0f0cb	delosdb-engine/src/main/java/org/apache/derby/impl/jdbc/Util42.java
55623c612c7bcecf835495e56eb9e8088b4910d0559b0b4a03806faf9d4c95ef	delosdb-engine/src/main/java/org/apache/derby/impl/jdbc/authentication/BasicAuthenticationServiceImpl.java
8fdd47bd77346e4d9dc265f22d3583206afec28e7bc84873212d65873c3fec4b	delosdb-engine/src/main/java/org/apache/derby/impl/jdbc/authentication/JNDIAuthenticationSchemeBase.java
f62bcd8c95b9bf80ae3f9e26a6c5aa5dff4fe431649b0dd8c9ea1f7be47ac805	delosdb-engine/src/main/java/org/apache/derby/impl/jdbc/authentication/JNDIAuthenticationService.java
4245470d9154533addf92c865c03fb776b49aa2db8b50d961f8807867496d9c1	delosdb-engine/src/main/java/org/apache/derby/impl/jdbc/authentication/LDAPAuthenticationSchemeImpl.java
9371bac8f1c4f69dc983cc01715c87ea592ccbf961ff7b2d93c6bcb03c0cf5d2	delosdb-engine/src/main/java/org/apache/derby/impl/jdbc/authentication/NativeAuthenticationServiceImpl.java
e6b1901c6f7b3f32b2162bba63da50022c8c296a3fbe74236cde2e4e6553b398	delosdb-engine/src/main/java/org/apache/derby/impl/jdbc/authentication/NoneAuthenticationServiceImpl.java
2fa5a82df30e421c9409ab8607c060723e74f8a76daedf0700e44c2ced2fcbd0	delosdb-engine/src/main/java/org/apache/derby/impl/jdbc/authentication/SpecificAuthenticationServiceImpl.java
a9bd395ed622713d94ba13cdabf7b84ebbdcde17ebb546c9903d33d6f5f33ac8	delosdb-engine/src/main/java/org/apache/derby/impl/load/ControlInfo.java
a38209e148c9c9b01457d5e2c08ab6f58a3bf0012b677ad675ee30331aa90259	delosdb-engine/src/main/java/org/apache/derby/impl/load/Export.java
05c43ab4dde5d09208cfd75c3d0b8f37db5766423a42cbe82b99bc64cbf44496	delosdb-engine/src/main/java/org/apache/derby/impl/load/ExportAbstract.java
0321e1e10f1cc992d129a76c7d71b0f67e1778f2bf409ed338e6e1954799ec78	delosdb-engine/src/main/java/org/apache/derby/impl/load/ExportResultSetForObject.java
fe3e523f1f4edcf5fbd9ace489e6034e35fba52e775d7b10bc70c88b5d8c32c8	delosdb-engine/src/main/java/org/apache/derby/impl/load/ExportWriteData.java
4e126b5178a24e6afb5631e4a6b8db91acefd60c460c67c0d1d4fd051bbc851b	delosdb-engine/src/main/java/org/apache/derby/impl/load/ExportWriteDataAbstract.java
bab056762c5759e10eca58345e4e706cccacccffc513f0bc0ce3a90dcbaeee32	delosdb-engine/src/main/java/org/apache/derby/impl/load/ImportBlob.java
e0bcd2a1a338cc1d839724c39382ccd37abf566739000fae02ef556ba9686819	delosdb-engine/src/main/java/org/apache/derby/impl/load/ImportClob.java
0ed8ca2ddbbc1acdd32e158527102a1cd32b4009e442e1cca7c36e8c19af8379	delosdb-engine/src/main/java/org/apache/derby/impl/load/ImportLobFile.java
bdd715e683148e1bf77e1f75bafc192f0403e10bfb2eabe17e5dc7eb0438a660	delosdb-engine/src/main/java/org/apache/derby/impl/load/ImportReadData.java
588c5c09d7e3fb6c15cde39a7fadc90930dd4e3ab86b1d6fffc5fc4b1933fda8	delosdb-engine/src/main/java/org/apache/derby/impl/load/ImportResultSetMetaData.java
62c3767bc9f3aca45f258727d8383a81d565d5ec2928455eae6bdf3477ac7eed	delosdb-engine/src/main/java/org/apache/derby/impl/load/LoadError.java
c63cbdc48d58a45e3c7a50c57c26bb8575a9298042235f134da061cdf96ec95a	delosdb-engine/src/main/java/org/apache/derby/impl/services/cache/BackgroundCleaner.java
245375ea61be33fe09ac11b6c7aa9db3a96116de0d64963ba8808caee3be1541	delosdb-engine/src/main/java/org/apache/derby/impl/services/cache/CacheEntry.java
80413676316f04be6bc03b3247973142bada6393e30f26695c887b112ab1f57f	delosdb-engine/src/main/java/org/apache/derby/impl/services/cache/ClockPolicy.java
eb67a09931b9523f44349fff41dc2d51ca997563db6a20bd6eb8fa268f06c9cc	delosdb-engine/src/main/java/org/apache/derby/impl/services/cache/ConcurrentCacheFactory.java
c7010bb849cd61bbb4b3dab5e3c0026b33da7a4b83b2a1278850b22b3d0521ea	delosdb-engine/src/main/java/org/apache/derby/impl/services/cache/ConcurrentCacheMBeanImpl.java
1527024773160be51702628ffc93a04fe3c080c709be48dde659699bf6082eb6	delosdb-engine/src/main/java/org/apache/derby/impl/services/cache/ReplacementPolicy.java
cd8f74575745c1cba81901627ec006147aeec225423b02b9490e9494826f74c0	delosdb-engine/src/main/java/org/apache/derby/impl/services/daemon/ServiceRecord.java
ad7ebed62c3a8dea0adbed886437ebf65762b38c70f09ff89be145ddb702451c	delosdb-engine/src/main/java/org/apache/derby/impl/services/daemon/SingleThreadDaemonFactory.java
cbd5176b613cc6d16a4d4178e4e0aadc432bc1eb61432922daf1c83a921d9f23	delosdb-engine/src/main/java/org/apache/derby/impl/services/jce/JCECipherFactory.java
8dac8645eeb528b604632a9406c91da03984d0f95ef5f585dcd36f1362cff267	delosdb-engine/src/main/java/org/apache/derby/impl/services/jce/JCECipherFactoryBuilder.java
1a12c117d2b75e7576bbab37bfbb0fb1ef217c8a449f849e13fe8bf41950a45b	delosdb-engine/src/main/java/org/apache/derby/impl/services/jce/JCECipherProvider.java
22ec55a4fe71c3a178cd3d500eaeb2e7e6da51013bb1cdc8185c6422628d112f	delosdb-engine/src/main/java/org/apache/derby/impl/services/jmxnone/NoManagementService.java
16470e558632411da4ad4f4113fd1af14e0e5ffd4480b1b39d8e3cf32165c09d	delosdb-engine/src/main/java/org/apache/derby/impl/services/locks/ActiveLock.java
03b6e6629a8521b43d79ec1dee5f6dadd83faaf9b76e0f2ca8c74adde8256945	delosdb-engine/src/main/java/org/apache/derby/impl/services/locks/ConcurrentLockSet.java
aa8be6c4ff9d08138baf776c2a182202c192bb8e98f48c438b50640381dfe865	delosdb-engine/src/main/java/org/apache/derby/impl/services/locks/ConcurrentPool.java
8de9121a94e114084e2b018fc6d5ff470e7af2e0bfd5193cb94fe02ce7951ed5	delosdb-engine/src/main/java/org/apache/derby/impl/services/locks/Constants.java
4bf79f444ce4c79d0dc94f548a130c8e41ccdfe05a4e0768c2d835ad983ec626	delosdb-engine/src/main/java/org/apache/derby/impl/services/locks/Control.java
61dc66e15336dd498beae08ea6bdc84e4b793f0883c8338d9e534304abaccb6b	delosdb-engine/src/main/java/org/apache/derby/impl/services/locks/D_LockControl.java
bcd138a115d31c818b5fe2cc408b1694f9f8bc26a225d872f1f43d4bc3cd902d	delosdb-engine/src/main/java/org/apache/derby/impl/services/locks/Lock.java
b306da4a2a803a45aa6a15632bc253866b2e9f022409c00819e505e7ee5b6dfe	delosdb-engine/src/main/java/org/apache/derby/impl/services/locks/LockControl.java
38348e36748295de53167d897565efc71e7f30bca7dceeef2e90269a80d181ab	delosdb-engine/src/main/java/org/apache/derby/impl/services/locks/LockSpace.java
02466c3d8d5ef47dda1c34aa7cd88aefde64ea7e78e468adb43f100ad3c3f1c9	delosdb-engine/src/main/java/org/apache/derby/impl/services/locks/LockTable.java
1004c91b2901b670f1e749e1262ee61f4a819cb5b43f128a988a525f9002a7e1	delosdb-engine/src/main/java/org/apache/derby/impl/services/locks/LockTableVTI.java
b80774975dadb4f8021d2ebb3bf6b33e8ad5de4aacdf94dc3bf897adabaa2697	delosdb-engine/src/main/java/org/apache/derby/impl/services/monitor/ModuleInstance.java
723672b200afb6d102e04e32d7898dbf89ece07ad17115409c27028f70ace562	delosdb-engine/src/main/java/org/apache/derby/impl/services/monitor/ServiceBootContext.java
afd20d49785a7b686ba6a7e534b2b12c387faf836a7f5478b819ae33e695a872	delosdb-engine/src/main/java/org/apache/derby/impl/services/monitor/StorageFactoryService.java
a7f23c90faa0832adc58e32b5d35e48e0c5bc97b9941de0ca7e6ca3f5b37d5d7	delosdb-engine/src/main/java/org/apache/derby/impl/services/reflect/JarLoader.java
cb9125962d0d47b4608a40e94ac0496c3b9652b4fcaac8f5f23db0025c2352c6	delosdb-engine/src/main/java/org/apache/derby/impl/services/reflect/LoadedGeneratedClass.java
8e92c54abc51419d3eb3e48894d307c00c3cc0645f50a5ff4642b1a4055382f3	delosdb-engine/src/main/java/org/apache/derby/impl/services/reflect/ReflectLoaderJava2.java
1de7ff5bce3b4a469ab8f5907fd79c5c39b941eebfa78fb619207683164b5b29	delosdb-engine/src/main/java/org/apache/derby/impl/services/reflect/UpdateLoader.java
49c662c1c90491b1901327bb27f34a93026dc659639c09fbc968e81b9bfbe3ac	delosdb-engine/src/main/java/org/apache/derby/impl/services/stream/BasicGetLogHeader.java
61b7adc71ea5f8bb7aed2deb1ae79c71440f98a6e33a41119cd974734f5aad72	delosdb-engine/src/main/java/org/apache/derby/impl/services/stream/BasicHeaderPrintWriter.java
a4854b4617441ea069641de499a78511a544175f0dd50baff100732434ac2933	delosdb-engine/src/main/java/org/apache/derby/impl/services/stream/RollingFileStream.java
e362a1621af4944be49a053cf2683e7ce99ada9e209976562fe2f11c7b93bc17	delosdb-engine/src/main/java/org/apache/derby/impl/services/stream/RollingFileStreamProvider.java
dbbe4b56c1dafe6fd4aea163f7432f1dc2d2be31889ff148885f45d8446183ac	delosdb-engine/src/main/java/org/apache/derby/impl/services/stream/SingleStream.java
8e42d361f1e9542d18fb001d54b5388740306f471ec23776b03f8c4e442115da	delosdb-engine/src/main/java/org/apache/derby/impl/services/uuid/BasicUUIDGetter.java
32f5e918d9fb33ba8f6de4676a55744dfcadf5fea41116cd5dfaedeaa492d3e1	delosdb-engine/src/main/java/org/apache/derby/impl/sql/CursorInfo.java
c880afd5f8a5620962c57f10760c06ba5f70fc6452185473020f81a34887abbd	delosdb-engine/src/main/java/org/apache/derby/impl/sql/CursorTableReference.java
0b8df120ae9e261be282b01ef07ae301bab67a9dfd6a356a0de1b0456210ff9d	delosdb-engine/src/main/java/org/apache/derby/impl/sql/GenericColumnDescriptor.java
5cdfba9172666c9cdbf13f38017f3836e0ff5900eff1715e6f51ee1842c7a614	delosdb-engine/src/main/java/org/apache/derby/impl/sql/GenericLanguageFactory.java
693df7e8126715e30fbfd5af3b6f4b2300ec1323145345b1f5df76e38b7dd851	delosdb-engine/src/main/java/org/apache/derby/impl/sql/GenericParameterValueSet.java
7b233a5ee2c1a91a3b12054f76a046216662d3bf00a603f4f63b06dfbaa187fd	delosdb-engine/src/main/java/org/apache/derby/impl/sql/GenericResultDescription.java
11d72e8c33cd02a6300edcb819f3aca86aeefa0b342a48b338fe7eda73b23b74	delosdb-engine/src/main/java/org/apache/derby/impl/sql/GenericStatement.java
08e0370e3dbcc934337fd0fe887c86602635c647e78b623f77858f5e83dc0596	delosdb-engine/src/main/java/org/apache/derby/impl/sql/GenericStorablePreparedStatement.java
d863335d3600ffbf36e1e580b980e0ac508a5bc2e715da04844b38e7a3913403	delosdb-engine/src/main/java/org/apache/derby/impl/sql/catalog/CoreDDFinderClassInfo.java
89445c9cab28b7d21761a85562426f1be64a9a87006c8f37e1fb6f4d1f6821fd	delosdb-engine/src/main/java/org/apache/derby/impl/sql/catalog/DDColumnDependableFinder.java
6801dffbbe8026f481ceb0de146488f67bd82affa3f3ade5c553a6747ddbb54f	delosdb-engine/src/main/java/org/apache/derby/impl/sql/catalog/DD_Version.java
085ed05fdafa27f6f09460a89285b9355631e965afb855a6553283963cbdb517	delosdb-engine/src/main/java/org/apache/derby/impl/sql/catalog/DDdependableFinder.java
25e12cc13ae8b761aa0687c43a16a0122f33c44461ff6ce9fbd3b3043fa3668e	delosdb-engine/src/main/java/org/apache/derby/impl/sql/catalog/IndexInfoImpl.java
2a174cc958a9a75257dd53304b2dcd0e6f12e936020dc7446af77ac1f869e8e7	delosdb-engine/src/main/java/org/apache/derby/impl/sql/catalog/NameTDCacheable.java
e983f2f12c9c59b6d2f0a18c275ac3c702589035b8afbc5c777de31c244821a7	delosdb-engine/src/main/java/org/apache/derby/impl/sql/catalog/OIDTDCacheable.java
2721af32b27f86822f8960ba805b7316e03ff5475bea792afe16d28689dfa4d6	delosdb-engine/src/main/java/org/apache/derby/impl/sql/catalog/PermissionsCacheable.java
2587e44ac11f111f1e76a11e155dd1227b38da3a889ca96060e26927978f69c1	delosdb-engine/src/main/java/org/apache/derby/impl/sql/catalog/PermissionsCatalogRowFactory.java
ef731cc2f93a1e3cb88a72493581d88c1e77e94788cf613628523ff18e3ea994	delosdb-engine/src/main/java/org/apache/derby/impl/sql/catalog/RoleClosureIteratorImpl.java
885121660bc9cf1cb654dc23551285b89c540875f431f2f215031dfd4ab577c3	delosdb-engine/src/main/java/org/apache/derby/impl/sql/catalog/SPSNameCacheable.java
347e9a07ccd2273939a6217b5bcfcc949b3df7835f72c5b26864bd3507a23e0b	delosdb-engine/src/main/java/org/apache/derby/impl/sql/catalog/SYSALIASESRowFactory.java
515be23e135062536c73b683bd5708ad955e9e4694fc9325b5034bd53d892470	delosdb-engine/src/main/java/org/apache/derby/impl/sql/catalog/SYSCHECKSRowFactory.java
c500e516e7fea08ac8024b65e948dc9f710527939733574f9f14d88ec86a8f9c	delosdb-engine/src/main/java/org/apache/derby/impl/sql/catalog/SYSCOLPERMSRowFactory.java
73325744be6bd476e4bdca72b8f46e81f745e32c15e2cc94f3f61a73c8bda988	delosdb-engine/src/main/java/org/apache/derby/impl/sql/catalog/SYSCOLUMNSRowFactory.java
0e18a2132df04495eb3aaa5ded1c6ec9a65b4a2cd12b51b3a5acb9713acb755e	delosdb-engine/src/main/java/org/apache/derby/impl/sql/catalog/SYSCONGLOMERATESRowFactory.java
e9d98f512751b275792e6bc3fbbe1f5db23d647697f95f66b1ee94aca362f4f8	delosdb-engine/src/main/java/org/apache/derby/impl/sql/catalog/SYSCONSTRAINTSRowFactory.java
6be75fba218f16bb4619e594bf0fcdbf38bf5bfcdf20f3b071eaf6bd1ccfed3f	delosdb-engine/src/main/java/org/apache/derby/impl/sql/catalog/SYSDEPENDSRowFactory.java
742d109b80419893a5c996786d106f6e91ea8d8c5b4699cdbfd82c042cc9cf3d	delosdb-engine/src/main/java/org/apache/derby/impl/sql/catalog/SYSDUMMY1RowFactory.java
97067f3e16a6068329defde4066f878efda2e8b59cd8408f305716d271ede92e	delosdb-engine/src/main/java/org/apache/derby/impl/sql/catalog/SYSFILESRowFactory.java
6d57d29a35f713d67483577b65bfa3abbd1a1d33c1491ce8b38d88feb9f91e7d	delosdb-engine/src/main/java/org/apache/derby/impl/sql/catalog/SYSFOREIGNKEYSRowFactory.java
7c8b45f695ee1b534bfdd4adff1ee39d1a40af0ffeab39c2c39b36e2040a2fe7	delosdb-engine/src/main/java/org/apache/derby/impl/sql/catalog/SYSKEYSRowFactory.java
833cf366b62f1b6a86143b6aa2f52bdfa08a2cb4c8622fedd9cdb25d62cbbe83	delosdb-engine/src/main/java/org/apache/derby/impl/sql/catalog/SYSPERMSRowFactory.java
1c337d4845b34007282a6957124ece91fed5cec2a2c9c6ea9d7a36332bbfce30	delosdb-engine/src/main/java/org/apache/derby/impl/sql/catalog/SYSROUTINEPERMSRowFactory.java
6fbec20ff1f6cbab940f7458bc93156bbdbfeac62095f322be5a42ffe32322ad	delosdb-engine/src/main/java/org/apache/derby/impl/sql/catalog/SYSSCHEMASRowFactory.java
a3406f5bd11bad95ed503e371d01503b04f01c63a7b8520acdf60b0118d68127	delosdb-engine/src/main/java/org/apache/derby/impl/sql/catalog/SYSSEQUENCESRowFactory.java
6767ec4210217b221e9e1505486215cb38dfbf5e19b5c7d6fba70b2b909394da	delosdb-engine/src/main/java/org/apache/derby/impl/sql/catalog/SYSSTATEMENTSRowFactory.java
46a295061bdb3f420cb6feef6159b97e90354667fb67299069d0feb83c74998c	delosdb-engine/src/main/java/org/apache/derby/impl/sql/catalog/SYSSTATISTICSRowFactory.java
e9c4bc9a3b10c80e678f0c307b2415a431138892b9deee39649530414fe44c42	delosdb-engine/src/main/java/org/apache/derby/impl/sql/catalog/SYSTABLEPERMSRowFactory.java
2e973ac968a20ab51fa8d45839559f264c28ef2f9d0335dd13ac2f1a4b655178	delosdb-engine/src/main/java/org/apache/derby/impl/sql/catalog/SYSTABLESRowFactory.java
96e445600afbde395bf2d56612153b6e1a9664ab8d6696ebcddb3f99e55f870a	delosdb-engine/src/main/java/org/apache/derby/impl/sql/catalog/SYSTRIGGERSRowFactory.java
e614230c8eb1d61e387af784dfdc75855dcd232e2daecadf15fc9ed5ed5abc21	delosdb-engine/src/main/java/org/apache/derby/impl/sql/catalog/SYSUSERSRowFactory.java
ebaa09b0c98afb6dbfd3a6dd7aefd09dd97672602f243a7b955d4eaefbdea714	delosdb-engine/src/main/java/org/apache/derby/impl/sql/catalog/SYSVIEWSRowFactory.java
641b8c9c71b24c33a2505dcf3173ae917ec0848421463618eaba7366c4f4a69c	delosdb-engine/src/main/java/org/apache/derby/impl/sql/catalog/SequenceGenerator.java
f31e5ab9871fbe8418df38266a43ff8e828f229e7f8ae3a6df21af4055323210	delosdb-engine/src/main/java/org/apache/derby/impl/sql/catalog/SequenceRange.java
c004d13a142a5336e3bd3a38af30445d25101f446aa5edb345c7839c2bf22dbb	delosdb-engine/src/main/java/org/apache/derby/impl/sql/catalog/SequenceUpdater.java
3fb9fb0f55c62a73d9245525fd5a98143437d09c2e620ce6211b4f241cb15a27	delosdb-engine/src/main/java/org/apache/derby/impl/sql/catalog/SystemColumnImpl.java
9f3bc70d525a5519c0e9ad0609e0561e67bf14cc2ed051ad547765b4a082abde	delosdb-engine/src/main/java/org/apache/derby/impl/sql/catalog/TDCacheable.java
5490a10fc8e32c71b1d6176d2930b111f267b8372edda3c86ce2a444f525b046	delosdb-engine/src/main/java/org/apache/derby/impl/sql/catalog/TableKey.java
2cc1ea3b39ccee427c8f245d5fde5de5e917d984a90e9bd27d0934e127f19818	delosdb-engine/src/main/java/org/apache/derby/impl/sql/catalog/XPLAINTableDescriptor.java
0d580e48506d399ce0c87bebe2a0279fe606cbdfdd4405747c407d840547b71b	delosdb-engine/src/main/java/org/apache/derby/impl/sql/compile/AccessPathImpl.java
00225536e04d733e047df6ab428b28cf56550bdfde0657b5f4b1f5864c9fdb83	delosdb-engine/src/main/java/org/apache/derby/impl/sql/compile/ActivationClassBuilder.java
daefe49558721382e7485d117bcb1c6e98ba19341b69c2d6e66007287f2e3c62	delosdb-engine/src/main/java/org/apache/derby/impl/sql/compile/AggregateDefinition.java
f2ef5dc55d3cdc540a79393c80baeea538f62674b3d9ba126c662842accd43b5	delosdb-engine/src/main/java/org/apache/derby/impl/sql/compile/AggregateWindowFunctionNode.java
6483ce93df0017cc7a895d9542786740f2dfb74dba902957d02af68548355149	delosdb-engine/src/main/java/org/apache/derby/impl/sql/compile/AllResultColumn.java
5dabb0f5b15abdc4d0076ddadd8ea7ad180b69d2a075caa4cb058223c834a22f	delosdb-engine/src/main/java/org/apache/derby/impl/sql/compile/AlterTableNode.java
2dfc12190e145e2c4f7ca82797d5c2a4246cd020658e64306adb68f7b5e21732	delosdb-engine/src/main/java/org/apache/derby/impl/sql/compile/AndNoShortCircuitNode.java
3d848c315d74825e094fece280ed515e3095981a12f4810bfdb6ad00a445c40f	delosdb-engine/src/main/java/org/apache/derby/impl/sql/compile/AndNode.java
2b52357f5cfc120c5a4d791ed306570cc79f846fed1d6f6baff9a109c886a62f	delosdb-engine/src/main/java/org/apache/derby/impl/sql/compile/BaseColumnNode.java
62128ab82f5a6794606309b1d7c86711fc04823dd54bba03c384e4cdf1322e77	delosdb-engine/src/main/java/org/apache/derby/impl/sql/compile/BaseJoinStrategy.java
35289b278ce081e485f0d5c765bf42723d9372242a02f0e75b4681803295d8fc	delosdb-engine/src/main/java/org/apache/derby/impl/sql/compile/BaseTableNumbersVisitor.java
cafdd2777a2aa6b459310869721f705352c2677da474c91e113045b9f373111c	delosdb-engine/src/main/java/org/apache/derby/impl/sql/compile/BaseTypeCompiler.java
b5bd2cca514067bf5bd231668a2d4413a0753bc17e53c7536065a7d61432257c	delosdb-engine/src/main/java/org/apache/derby/impl/sql/compile/BetweenOperatorNode.java
437020273be9cac37bf5613d59c45ebeff26b5674ed6c72c1eb69ed20b9e6e30	delosdb-engine/src/main/java/org/apache/derby/impl/sql/compile/BinaryArithmeticOperatorNode.java
d86f29d282716f5202f91858408bdb773a7490cb81a3d11ab2102ce1a6cf4754	delosdb-engine/src/main/java/org/apache/derby/impl/sql/compile/BinaryComparisonOperatorNode.java
adf79bf6db81abb4d61fbf344e9452731623befd85bb7a0a12af3801b14d5272	delosdb-engine/src/main/java/org/apache/derby/impl/sql/compile/BinaryListOperatorNode.java
30ac2562b2aee7725e1ef050ddea28e2604128ef85931693547dab08afdf2f22	delosdb-engine/src/main/java/org/apache/derby/impl/sql/compile/BinaryLogicalOperatorNode.java
def1b133b8e822ec1856f33874a99eeee3eef5f112e65e3408ca06115a67c9b9	delosdb-engine/src/main/java/org/apache/derby/impl/sql/compile/BinaryOperatorNode.java
6d9cd946d139719e9195e25938eee4c167abe3dc56114b8bffd967712e2650d7	delosdb-engine/src/main/java/org/apache/derby/impl/sql/compile/BinaryRelationalOperatorNode.java
542d730a8d4338b8f8dfe83d9cac2415c91b3377bbe5d6b31f743d0ce8ee8a32	delosdb-engine/src/main/java/org/apache/derby/impl/sql/compile/BitConstantNode.java
3aed6f938d58ef6e91fe24b1a884bc6306ef7085a73934590a84779dfac57479	delosdb-engine/src/main/java/org/apache/derby/impl/sql/compile/BitTypeCompiler.java
573b5b7f1691b4fb7a29b235d0bfb324dd7e4224ad8d8a44b065105fe1e53931	delosdb-engine/src/main/java/org/apache/derby/impl/sql/compile/BooleanConstantNode.java
7161fbc372bf132cd237fab8db8b069015aa2c0a03f2e44dc0614f76967426f6	delosdb-engine/src/main/java/org/apache/derby/impl/sql/compile/BooleanTypeCompiler.java
7032b602ce7efc064fd95bfb6e294dd5674e5d10c37d30569454cfbdafbcb98f	delosdb-engine/src/main/java/org/apache/derby/impl/sql/compile/CLOBTypeCompiler.java
ac5d63d8fead08f4be2dea895166762d69a086797f7d75b15f3ce22b48e16483	delosdb-engine/src/main/java/org/apache/derby/impl/sql/compile/CallStatementNode.java
c0a344be0fcfd72521cf044ca8e132bcfd1dfa7b9a81f2ef8d80f96fa65d415b	delosdb-engine/src/main/java/org/apache/derby/impl/sql/compile/CastNode.java
534f6ecb0b86e4546d15313624bb3ffec9c02f005220d667dfc9c772d1b74dd6	delosdb-engine/src/main/java/org/apache/derby/impl/sql/compile/CharConstantNode.java
d3e884c6ec9188115922616cc48181a47e278f0b755876de7198eb645f93e325	delosdb-engine/src/main/java/org/apache/derby/impl/sql/compile/CharStream.java
11c5ae69e4a8b20a4e77564493653dfc868443108373f5004264ce62bfd93287	delosdb-engine/src/main/java/org/apache/derby/impl/sql/compile/CharTypeCompiler.java
2101b84742b31ce0029fd2d9387a9f10c1dee5a3139d9212c8a9392ab591c9c5	delosdb-engine/src/main/java/org/apache/derby/impl/sql/compile/CoalesceFunctionNode.java
356d8d81c446e8604f1145b7885c2d87056e085c3258a9b64781db18ec135d7b	delosdb-engine/src/main/java/org/apache/derby/impl/sql/compile/CollectNodesVisitor.java
78f0473b50cb56715ba40b8243eda14315e3149fda0d74ca2ebb3d71f6fd335a	delosdb-engine/src/main/java/org/apache/derby/impl/sql/compile/ColumnDefinitionNode.java
bac0b4301c0dc820a8972ae12624d77f0341aa196156e06fa9f886df9e8be61a	delosdb-engine/src/main/java/org/apache/derby/impl/sql/compile/ColumnOrdering.java
98663f519b8498cc0be9dba80b7b9196a0d85c93492ccf9470afce59c10f8c5e	delosdb-engine/src/main/java/org/apache/derby/impl/sql/compile/ConcatenationOperatorNode.java
9a88ebfa90fb6dc705d99d038c62f82f23e136fcda20814b79b2398984de6c13	delosdb-engine/src/main/java/org/apache/derby/impl/sql/compile/ConditionalNode.java
34483b3843697a364bac9109c8d11b339ca290700239a9fc52ba08b8211a9dd6	delosdb-engine/src/main/java/org/apache/derby/impl/sql/compile/ConstantExpressionVisitor.java
28f57f6d8741a93e4c6165fbe63691009530cda16b78a719de637fc78cbb0dd5	delosdb-engine/src/main/java/org/apache/derby/impl/sql/compile/ConstantNode.java
a4b96be48560d8ce98d161b5c4e7109d6a5620eb7eb84f0d03871d458b5b8af3	delosdb-engine/src/main/java/org/apache/derby/impl/sql/compile/CostEstimateImpl.java
a675bf89be6c277b656612febc370cf0d708cde56e985485cf3891294e69a944	delosdb-engine/src/main/java/org/apache/derby/impl/sql/compile/CountAggregateDefinition.java
d857a5fd337845aee9551f8601fd0973b7254f6ac3fe5a15979fe53dbc8a507e	delosdb-engine/src/main/java/org/apache/derby/impl/sql/compile/CreateAliasNode.java
12af048f868d8c1c8af0da047c4948bcb679840ea40b62c70258ad25b3df6ca4	delosdb-engine/src/main/java/org/apache/derby/impl/sql/compile/CreateRoleNode.java
c23b4f1bff0aea62ca514cbe073665e1d6a171e364b3693f7c5ff8c2ffa321b5	delosdb-engine/src/main/java/org/apache/derby/impl/sql/compile/CreateSchemaNode.java
6c3d4e9bdd519d8d6bc51d617d26b2c8fade6de025125b5b591b935c33468975	delosdb-engine/src/main/java/org/apache/derby/impl/sql/compile/CreateSequenceNode.java
bc3b3ccb5286d592a6f8e7b5f12139cb45678da731ea43c1151ba047fecbf24d	delosdb-engine/src/main/java/org/apache/derby/impl/sql/compile/CreateTriggerNode.java
42cc02e63b96fd157e3ac2874fb159da1d48a9927a8f996d59b3c69602ddd374	delosdb-engine/src/main/java/org/apache/derby/impl/sql/compile/CreateViewNode.java
52d6bf636e29b85e3543d73ff3af1ba4a4d84aff384872fbba918f4f5d38de08	delosdb-engine/src/main/java/org/apache/derby/impl/sql/compile/CurrentDatetimeOperatorNode.java
69d09f224df8ac02964b45075cd527f595bbd2ba5343679cf4a7eb7423ab6d20	delosdb-engine/src/main/java/org/apache/derby/impl/sql/compile/CurrentOfNode.java
59361c7d41318892fefeed5373e3195c80407744195214cf0637cbe005e28209	delosdb-engine/src/main/java/org/apache/derby/impl/sql/compile/CurrentRowLocationNode.java
f6d265c1cdb3df4ddd9404388a032c737e9f0602a159c26c8e58df0ed1cbb668	delosdb-engine/src/main/java/org/apache/derby/impl/sql/compile/CursorNode.java
60e713873f2cf39d95db5709c486ca23333a74030c97b90139d04aa5cfa5c160	delosdb-engine/src/main/java/org/apache/derby/impl/sql/compile/DB2LengthOperatorNode.java
0f1e4c45f1bc513ae0ec692b4ad70bce77d1d002c3c4842edd3477a46f607ff8	delosdb-engine/src/main/java/org/apache/derby/impl/sql/compile/DDLStatementNode.java
dd47b47e70af0bbea10a788a9c7c5a443cd6d933319bb7c3613941e995e30fbe	delosdb-engine/src/main/java/org/apache/derby/impl/sql/compile/DMLModGeneratedColumnsStatementNode.java
7485ddc0cf10e540d2e6470eb24c5a65fc431a2c8587fcdb8200ec0361f9c116	delosdb-engine/src/main/java/org/apache/derby/impl/sql/compile/DMLStatementNode.java
fce99209257a0907588a17f47335a22ecd9f7612c8457441f5f4f4888bce61d2	delosdb-engine/src/main/java/org/apache/derby/impl/sql/compile/DateTypeCompiler.java
ead0e8ff3792ec1bd5bacf69a86570796f6102b9b8fef6b0ede8ef2bb4acf77b	delosdb-engine/src/main/java/org/apache/derby/impl/sql/compile/DefaultNode.java
ef3a0ce44faecceedd9e707ed3b473f8752ea2e0982bffe41618beaed3ebf6a9	delosdb-engine/src/main/java/org/apache/derby/impl/sql/compile/DefaultOptTrace.java
39fcfae2cdb836e9c4db7cf8f6aee5baa5d4333d487f1850194dbae524aec114	delosdb-engine/src/main/java/org/apache/derby/impl/sql/compile/DefaultVTIModDeferPolicy.java
920f8a5845a57ac3faf6e9bf4c0bf5181b5e93e4e65d6e2c5d071c8e27540221	delosdb-engine/src/main/java/org/apache/derby/impl/sql/compile/DeleteNode.java
189f43d75862cb586516db80013a037e4c9e54fe1af6f76b1ebaa1af1c25ddcf	delosdb-engine/src/main/java/org/apache/derby/impl/sql/compile/DistinctNode.java
5b745ada049161ead1ee8e0b2dd61af1d7da36e5cf8a3c4d6d719ea1c8de27ae	delosdb-engine/src/main/java/org/apache/derby/impl/sql/compile/DropAliasNode.java
befb8cbe25d1ae8b64a219f930573b2b91e1803518ca83f42e93b67663fc386c	delosdb-engine/src/main/java/org/apache/derby/impl/sql/compile/DropIndexNode.java
cec07ba1f52f398b9bc28200dc94a60bb08e430fb772ecc1997b17806e77039c	delosdb-engine/src/main/java/org/apache/derby/impl/sql/compile/DropRoleNode.java
acbae353cce3d2ef4d7759ab97568954c2503b15949df5d553127a1d48c8018f	delosdb-engine/src/main/java/org/apache/derby/impl/sql/compile/DropSchemaNode.java
e77061eb4917b3bf922d1ce0337924b8cd4e7da1e03539e9926090346f77f6af	delosdb-engine/src/main/java/org/apache/derby/impl/sql/compile/DropSequenceNode.java
0f93e352adede44120904057c2aa9e5c88d484fc8de44b49b39899d315c49e3c	delosdb-engine/src/main/java/org/apache/derby/impl/sql/compile/DropTableNode.java
fe8ba28011874b8f57073a715a82cdbfbef860732141897dd08f6461c094efc6	delosdb-engine/src/main/java/org/apache/derby/impl/sql/compile/DropTriggerNode.java
b237e1628565d63a9ebcb4115e4b727882adcc646ad9ddbff502c5b53761c046	delosdb-engine/src/main/java/org/apache/derby/impl/sql/compile/DropViewNode.java
3eeba0c126e79c754f2c2be873536694b1c149e0831af687840dbb8caca1b92d	delosdb-engine/src/main/java/org/apache/derby/impl/sql/compile/ExecSPSNode.java
58ff6ec6b100eb524b9c74d6df8f9a31cbef0d7ab15ef043bc5303933e914834	delosdb-engine/src/main/java/org/apache/derby/impl/sql/compile/ExplainNode.java
79688d664f52ea785ca385bde2cb2dfb3bcfc791844f54fc98bcbd380098a65e	delosdb-engine/src/main/java/org/apache/derby/impl/sql/compile/ExplainResultSetNode.java
09b645ab64db86e3d9387e11ef8242a6b307a20de8511adc5c4b500f91257d04	delosdb-engine/src/main/java/org/apache/derby/impl/sql/compile/ExpressionClassBuilder.java
6de2b87ddee85059cd2deb65d3e0cdd34952342f0e8900671ac1c2f9469d97ed	delosdb-engine/src/main/java/org/apache/derby/impl/sql/compile/ExtractOperatorNode.java
ad9ea63e851dd33c9a365c411d3b1fcc7ea27d3227d44ac6f1b94e3151a7fd34	delosdb-engine/src/main/java/org/apache/derby/impl/sql/compile/FKConstraintDefinitionNode.java
f9167353c3da7ed727b6af1cb501b2d119dacec154ffcb42f6d89c93b92c3fe8	delosdb-engine/src/main/java/org/apache/derby/impl/sql/compile/FromSubquery.java
6c133d8afd2da6b044c4af07ed50a519a0f8b87ab935280cc9cdea037373af88	delosdb-engine/src/main/java/org/apache/derby/impl/sql/compile/FromTable.java
ac7b7f8ce426ba239369ec3e8e922b0b25b4d9b5942a3c1a3af4ed67eab1373c	delosdb-engine/src/main/java/org/apache/derby/impl/sql/compile/FromVTI.java
3c89ada6a9593b539fc965749f7d4a66475adf95db41015c3005491b9959c731	delosdb-engine/src/main/java/org/apache/derby/impl/sql/compile/GenerationClauseNode.java
d69b923396303cddb93bc79db9708c44fea93d71c06f802024c833f17eef7365	delosdb-engine/src/main/java/org/apache/derby/impl/sql/compile/GetCurrentConnectionNode.java
6adb84299fea3d9edaecb1c2ea8f4ae6be42c0b5ca16c6d47a82bdaeac5cf8e5	delosdb-engine/src/main/java/org/apache/derby/impl/sql/compile/GrantNode.java
ad59dfb55fd3a634a4ccaec1759027b5f454eaa965a87c095154daded9d7889a	delosdb-engine/src/main/java/org/apache/derby/impl/sql/compile/GrantRoleNode.java
27084ba51a29166ddc46ed089ca0e36798ec6add220f61174f925708a317a585	delosdb-engine/src/main/java/org/apache/derby/impl/sql/compile/GroupByColumn.java
8b768b6314c033056cef91e7320435689e40da437ecb14cd38baa302e8aea8b7	delosdb-engine/src/main/java/org/apache/derby/impl/sql/compile/GroupByList.java
f4800032be0af2bd692133ee52656f8fb3327ec88d2825d4c32576c1600b352b	delosdb-engine/src/main/java/org/apache/derby/impl/sql/compile/GroupByNode.java
bea086d14b623f6aa2c7abb4d49173c050cc5d8e7b8a7f9b101ceeb9bdb7e100	delosdb-engine/src/main/java/org/apache/derby/impl/sql/compile/HasCorrelatedCRsVisitor.java
cde896aec1c68c77a4b42071daf9f070a1d8636e05d1487b8603a52e74cd78d8	delosdb-engine/src/main/java/org/apache/derby/impl/sql/compile/HasNodeVisitor.java
8497d894bc5d742b65a75d34b820201a0da38038b1cc34fa090e781d70b105fb	delosdb-engine/src/main/java/org/apache/derby/impl/sql/compile/HasTableFunctionVisitor.java
5d7498978c4d3a9c69ea0c91bb3940851746b961095a22117dfd3c8c25c8cf62	delosdb-engine/src/main/java/org/apache/derby/impl/sql/compile/HasVariantValueNodeVisitor.java
b1f6d3508d4edfd660426e1f4c68bbb6f985dd96ea0ee953cf8341cd120f668d	delosdb-engine/src/main/java/org/apache/derby/impl/sql/compile/HashTableNode.java
8649f3ff11e23d0c886f2aaa705f2b33af1c7e9a22907c4987334ae8477408be	delosdb-engine/src/main/java/org/apache/derby/impl/sql/compile/InListOperatorNode.java
5de1223d14d7803409d320e872b64361f8570366bece424f35f8e2a59231d038	delosdb-engine/src/main/java/org/apache/derby/impl/sql/compile/IndexToBaseRowNode.java
8157072c456efabc389911ae4a45da438735f024b52672b6b65f81c0f0e263ec	delosdb-engine/src/main/java/org/apache/derby/impl/sql/compile/InsertNode.java
648c10ca6201924a61c42ba322c1e984c1578e7f6f8b5a1322c6b2a8bcb45753	delosdb-engine/src/main/java/org/apache/derby/impl/sql/compile/IntersectOrExceptNode.java
f67d04231643fcb8fa655d8f6cc6dd94fcfd1f787b7808194fca34f3dccd1ca7	delosdb-engine/src/main/java/org/apache/derby/impl/sql/compile/IsNode.java
8d63d353cd8880c6e23273c770900168dca1183d3e0c9a042a887e4113cb0e4f	delosdb-engine/src/main/java/org/apache/derby/impl/sql/compile/IsNullNode.java
fed9ae9368be351216d420fb0071eeaccf0c8dd6eeadb0595376f8292caeba6a	delosdb-engine/src/main/java/org/apache/derby/impl/sql/compile/JavaToSQLValueNode.java
8cf2cba33b36685a2d1a83dac0c19516ddcc9b961670332de2705ff0c5a192d2	delosdb-engine/src/main/java/org/apache/derby/impl/sql/compile/JavaValueNode.java
cc7af265128730958c5d62e1311ce3c6be2778c449a68e4165edb2cd0062054c	delosdb-engine/src/main/java/org/apache/derby/impl/sql/compile/JoinNode.java
8cd583b875ed771e01c95e5f28f295a6ebeb8fb4901d0639b4aa89ae12567c69	delosdb-engine/src/main/java/org/apache/derby/impl/sql/compile/LOBTypeCompiler.java
35db9ca302939a21096c8a2420be662048e910f5638c18ff7e9f3077dc7ef9ac	delosdb-engine/src/main/java/org/apache/derby/impl/sql/compile/LengthOperatorNode.java
eb3f80a0c60a74a8162249d5f42695f802aabd994c5486514a0f2b7fe011f775	delosdb-engine/src/main/java/org/apache/derby/impl/sql/compile/LikeEscapeOperatorNode.java
9ba9658f892a22b1d85208c6c27a0c7ca9332a76cb33f1c64c2c9ffc60a00926	delosdb-engine/src/main/java/org/apache/derby/impl/sql/compile/LockTableNode.java
50de60fae7d164e7d104294502bbfe0dc96467c5ab841f6ef724a9aeece22943	delosdb-engine/src/main/java/org/apache/derby/impl/sql/compile/MatchingClauseNode.java
4492e79e79bce0225e93f5d00f9d97e150fdf311cd6476d6b03ec95056b8a670	delosdb-engine/src/main/java/org/apache/derby/impl/sql/compile/MaterializeResultSetNode.java
4e09a06f2494dcdf388fc4f74170589a4705ec16f8c0130e31dbf9b2684c34d4	delosdb-engine/src/main/java/org/apache/derby/impl/sql/compile/MaterializeSubqueryNode.java
b25d7bfa9c9cd9434af0b2edba150ca1fc71bef19243ef93fb6f94bcefb0446e	delosdb-engine/src/main/java/org/apache/derby/impl/sql/compile/MaxMinAggregateDefinition.java
74fb73d00b17ad94b5974ec1c57e13cec26adfc00054aea0b2273be309bec87b	delosdb-engine/src/main/java/org/apache/derby/impl/sql/compile/MergeNode.java
1270afd6fee4098ca6f58c11f50ea7a21ca4c67bd961ead994389b5bef64e471	delosdb-engine/src/main/java/org/apache/derby/impl/sql/compile/MiscellaneousStatementNode.java
93d62565503727212112944c36d76ec186b260891385f5570ab3fe732bb1eb4e	delosdb-engine/src/main/java/org/apache/derby/impl/sql/compile/ModifyColumnNode.java
622ce8b5cbe2ae166fa8fae954ee75934242dd3982e8b2d05e4c10b5fc0e3fa8	delosdb-engine/src/main/java/org/apache/derby/impl/sql/compile/NOPStatementNode.java
7e1c96864ee240f9eed0eecb34acc8aaeed88af3ed2c42287819e9fbf0fa03b9	delosdb-engine/src/main/java/org/apache/derby/impl/sql/compile/NestedLoopJoinStrategy.java
54f3e9d06959eba941bd443064a4dffd2ff9de710dd9a9f5087e5558d4fa51d2	delosdb-engine/src/main/java/org/apache/derby/impl/sql/compile/NewInvocationNode.java
1a50b0a4a98d8f8d48e716562cfee3a2b533b380118ac17f41f08a8d70e3a619	delosdb-engine/src/main/java/org/apache/derby/impl/sql/compile/NextSequenceNode.java
14f7f3523c305260a8dcf913b4d6f03e9cea5c5e22d484eeb26b13abe6b941c9	delosdb-engine/src/main/java/org/apache/derby/impl/sql/compile/NonStaticMethodCallNode.java
b7fc73f3a1986e4622ab75405ae2d1fdae1622cdedd4e4a319ea3f86ffcd9f83	delosdb-engine/src/main/java/org/apache/derby/impl/sql/compile/NormalizeResultSetNode.java
ec5f0bc28b8b3051afb21eb67899c8ca332e5c7e68de7d65197206978f3a54f0	delosdb-engine/src/main/java/org/apache/derby/impl/sql/compile/NotNode.java
41eaab8e562921582a1c21accb0cf79a1d04adb410fc143c3fd992d6e426e5d6	delosdb-engine/src/main/java/org/apache/derby/impl/sql/compile/NumericConstantNode.java
6bb7125fa9175e2b5b8888d2fbae43bfc3475cb03e4f24859e77392159b93f40	delosdb-engine/src/main/java/org/apache/derby/impl/sql/compile/NumericTypeCompiler.java
280e33a3fbb20cbed7549594e8630e7af5c045bb04cbf1b16656d8043831a40f	delosdb-engine/src/main/java/org/apache/derby/impl/sql/compile/OffsetOrderVisitor.java
122ad767c84ede3ade86340f2dee8a5825f28819e887833394527b6271b50f29	delosdb-engine/src/main/java/org/apache/derby/impl/sql/compile/OperatorNode.java
14cf1f9eae2cfc0cd6ebc8402c38026d38d791362c1fe6e46a8ebef6347c5083	delosdb-engine/src/main/java/org/apache/derby/impl/sql/compile/OptTraceViewer.java
a767b65afb1d93e0a84e1d90c306975e79cd34330b4d929c82ee4185f5e1bde6	delosdb-engine/src/main/java/org/apache/derby/impl/sql/compile/OptimizerFactoryImpl.java
584caeda7f3d24fed6f34309bd84da1003c9b29995159f84aab799b737e6af57	delosdb-engine/src/main/java/org/apache/derby/impl/sql/compile/OptimizerTracer.java
3f31c9239a0572291f9856beb384dfef2a6d033cc660785233a28e70fbd2d356	delosdb-engine/src/main/java/org/apache/derby/impl/sql/compile/OrderByColumn.java
d7af06402eee7052e39ad82805c72954fe2e0f085ace69db38d966d67043d212	delosdb-engine/src/main/java/org/apache/derby/impl/sql/compile/OrderByNode.java
9d8ef4f71c1a4b7dee4af4641181f7e73fbe78f4d28f030561d2e781042a61c3	delosdb-engine/src/main/java/org/apache/derby/impl/sql/compile/OrderedColumn.java
3b6238b6a86b59209d11fd8b12d78dfa87f8f06248d930e01ddb6c913353e115	delosdb-engine/src/main/java/org/apache/derby/impl/sql/compile/OrderedColumnList.java
13fa57c26c40783b67d22a1a905ae3d0a3bff17559b4cff03aea894a98bf61fb	delosdb-engine/src/main/java/org/apache/derby/impl/sql/compile/ParameterNode.java
a9dd357e028b9f673c8f024cfd6fa33e25b0c7e22d3e6cda07e1331210afc9a3	delosdb-engine/src/main/java/org/apache/derby/impl/sql/compile/ParseException.java
10fa1092cdb624ed572d5cd7da8bd724dfcca03234a1e075990f271e90807d57	delosdb-engine/src/main/java/org/apache/derby/impl/sql/compile/ParserImpl.java
0a37a76a5df48006c0f229edb3a0c3539c3460431501e6d1171768715f6a660e	delosdb-engine/src/main/java/org/apache/derby/impl/sql/compile/Predicate.java
0aab9ec7f91a870be392df5f12cb7dc1b9f2982391ce078265a81db0633ba31c	delosdb-engine/src/main/java/org/apache/derby/impl/sql/compile/PrivilegeNode.java
7b95af8ad448562fa205eced5f89238cc46fe40bb69d8fdef9c629b8e56e6867	delosdb-engine/src/main/java/org/apache/derby/impl/sql/compile/ProjectRestrictNode.java
59e30fe84804bb883488676f1d66944b26512a5dbc04e919f627ed5196223b9c	delosdb-engine/src/main/java/org/apache/derby/impl/sql/compile/QueryTreeNode.java
65071fe3e7a982833201bffbd2fa9b08dfdb25b5f311ff44836f958f21a44dba	delosdb-engine/src/main/java/org/apache/derby/impl/sql/compile/QueryTreeNodeVector.java
0cbcac33f919ccd9f4aede63b1fc98befc7b2eb8c6db999a5fdc9cb33de7f488	delosdb-engine/src/main/java/org/apache/derby/impl/sql/compile/RefTypeCompiler.java
ffff1a1f4833a05a1b9a4d0439743400366d41ae2081796893e003d5f1571723	delosdb-engine/src/main/java/org/apache/derby/impl/sql/compile/RelationalOperator.java
75746997bab49d77526e86e4e4b1283db9614be97b7dd0a70e64570e77cad8f4	delosdb-engine/src/main/java/org/apache/derby/impl/sql/compile/RenameNode.java
bd06d71109527a5140cd4dbe1eb0f4e5bdd3345cfae792db7e8150f9a600e6c3	delosdb-engine/src/main/java/org/apache/derby/impl/sql/compile/ReplaceAggregatesWithCRVisitor.java
4af9327b2d568dd1f62b91d9db5e11cdba556c1af29558e5b7cfdd48031748c8	delosdb-engine/src/main/java/org/apache/derby/impl/sql/compile/ReplaceNodeVisitor.java
5f142b3d249a9d5828214c8fd3268c318f5127c4efc771cbc80b65c3cc6f5482	delosdb-engine/src/main/java/org/apache/derby/impl/sql/compile/ReplaceWindowFuncCallsWithCRVisitor.java
cbc04cde054d21f921b0a5a1f0aeafb37742d6f90ef181715fb539c7086be264	delosdb-engine/src/main/java/org/apache/derby/impl/sql/compile/ResultSetNode.java
dc31adf422dd1a96988fd78584c57a0ae1356e94ceba666afc2d8de8e8c23aa3	delosdb-engine/src/main/java/org/apache/derby/impl/sql/compile/RevokeNode.java
e6da8bd46f7d817d95ec452f62cff26bc81b2b14e2f9878b7e5b8bc1f76b1cd8	delosdb-engine/src/main/java/org/apache/derby/impl/sql/compile/RevokeRoleNode.java
7ee3a9b33f2cf3333220d82280e8d101a44b6c93fb57b11f1b4ee68135758a38	delosdb-engine/src/main/java/org/apache/derby/impl/sql/compile/RoutineDesignator.java
95d74c43b1e2d2feb62d8ca70e25e419168d3c7ef3a7e205040aa80a1a1cfcd1	delosdb-engine/src/main/java/org/apache/derby/impl/sql/compile/RowCountNode.java
911a31789feb993d4ce9cdb681d1cf0e9288414af2e2acfa9173af06b2c6e1bd	delosdb-engine/src/main/java/org/apache/derby/impl/sql/compile/RowNumberFunctionNode.java
24ca71feeebbc8187f5b2545979ca02f24004abd84bc347b5557ba8ebc67a37e	delosdb-engine/src/main/java/org/apache/derby/impl/sql/compile/RowOrderingImpl.java
cc48eb09e25d6aa2ac421cb3d384f2395b370cabf0811b972a56e0f990c4f6a1	delosdb-engine/src/main/java/org/apache/derby/impl/sql/compile/RowResultSetNode.java
1d640460b50808a1e2a10b779b3d0dbbc71bda5824416f5fd53e4c2442817578	delosdb-engine/src/main/java/org/apache/derby/impl/sql/compile/SQLToJavaValueNode.java
3b0fcc4e17d63daf5e0550defbb52618ade46839a4a624d48b4b2d65094986b5	delosdb-engine/src/main/java/org/apache/derby/impl/sql/compile/SavepointNode.java
b8cb0378d7367d5f2e682c4b854dced61ac67fd09d1e051badbaf704aeee780c	delosdb-engine/src/main/java/org/apache/derby/impl/sql/compile/ScrollInsensitiveResultSetNode.java
d812dbbe68e6a0c80739428df109cff9196b6177992e19e9b7637b347ca96f55	delosdb-engine/src/main/java/org/apache/derby/impl/sql/compile/SelectNode.java
b98ac460eb5431244cf3bd20d816a77e3ab0a420130fe7cb814a262450d44f38	delosdb-engine/src/main/java/org/apache/derby/impl/sql/compile/SetConstraintsNode.java
b44af8df966bc3c7a3c49b29c039324398f6dcfc906e70c54de48c073cbb3283	delosdb-engine/src/main/java/org/apache/derby/impl/sql/compile/SetOperatorNode.java
fe732c9c807c9f211af13b6de952af4074170e7fdb05386d6dcf7176336f0efa	delosdb-engine/src/main/java/org/apache/derby/impl/sql/compile/SetRoleNode.java
0dd2158513a022f4cea84bab00bcc37c3b9c2718d5684e6689c55513ea82bfb8	delosdb-engine/src/main/java/org/apache/derby/impl/sql/compile/SetSchemaNode.java
68bb365f27666933e636ab3cd4748457be31219a6dcf254ce46a4d4e38ef0ab0	delosdb-engine/src/main/java/org/apache/derby/impl/sql/compile/SetTransactionIsolationNode.java
d4402cedddffefc43f04094bbc08e84b220fe7af3261b540c4d5875b56ae1cb3	delosdb-engine/src/main/java/org/apache/derby/impl/sql/compile/SimpleStringOperatorNode.java
f29eaeb30cdd44847a3eb4db9fb401f3199bef9f6bb0483ea9b1164239b00d38	delosdb-engine/src/main/java/org/apache/derby/impl/sql/compile/SingleChildResultSetNode.java
27098adeebbbccf13ab14262611966cde081a97784faa465d0cc8b948e9c7cd6	delosdb-engine/src/main/java/org/apache/derby/impl/sql/compile/SpecialFunctionNode.java
fa334d92333e1ead4c9d0cd4c91ad1a1d96a230d335ea652e083215a040bae77	delosdb-engine/src/main/java/org/apache/derby/impl/sql/compile/StablePlanModelBuilder.java
78ad4870b945ae3cf0a3806336d8b8deb986cf69dd250b123b653b222406d6ae	delosdb-engine/src/main/java/org/apache/derby/impl/sql/compile/StatementNode.java
f4f8a110fc00ada685df9cdb2a8a3c43a288ba13c2c34f200d7dfa2b036562b0	delosdb-engine/src/main/java/org/apache/derby/impl/sql/compile/StaticClassFieldReferenceNode.java
1fe80a6add6e4d954d375fd907656fabff2607cb144ca88bd99ed93f24da93ba	delosdb-engine/src/main/java/org/apache/derby/impl/sql/compile/SubqueryList.java
0ae9eddc56ebf748154f10e3f7a8e01ef8c2dc368343255ec7ba2dbdd8058e15	delosdb-engine/src/main/java/org/apache/derby/impl/sql/compile/SubstituteExpressionVisitor.java
68e86f1222fa6ecc796791d45a57dddff6a28e6ef261ce10a789a5628ada336c	delosdb-engine/src/main/java/org/apache/derby/impl/sql/compile/SumAvgAggregateDefinition.java
5c307dd3b96980a42fb627a2617b184f75e672061942b361a2d08687572e78e0	delosdb-engine/src/main/java/org/apache/derby/impl/sql/compile/TableElementNode.java
afba76aeb9f1858a9f73956132bb2f84af12f434d597ba4080648426105cf957	delosdb-engine/src/main/java/org/apache/derby/impl/sql/compile/TableName.java
0e50fed41ee7900fe177326dd16fdb1df63b7e13e04d8a7d887c6c210617991f	delosdb-engine/src/main/java/org/apache/derby/impl/sql/compile/TablePrivilegesNode.java
db220c66b16ce324e2a1c353f36b4c41d56d73e703cc294fc42886d47c9b5759	delosdb-engine/src/main/java/org/apache/derby/impl/sql/compile/TernaryOperatorNode.java
3f69a541f09cb4ec68578713be6fe28375bc4e5a618171d4c715f6cbeec4b09e	delosdb-engine/src/main/java/org/apache/derby/impl/sql/compile/TestConstraintNode.java
1a98ef7c444403f77402e52c82bd46a8fcafb658accf9da5927965f2aa219075	delosdb-engine/src/main/java/org/apache/derby/impl/sql/compile/TimeTypeCompiler.java
612236dedca5eb64984b1e841c84109d4f40d8b903527ebbed4f61c273650860	delosdb-engine/src/main/java/org/apache/derby/impl/sql/compile/TimestampOperatorNode.java
b4f9ed3c235aa081f7eedf1e7a6876aa37784559acee7f1eb6e206f33a481e0a	delosdb-engine/src/main/java/org/apache/derby/impl/sql/compile/TimestampTypeCompiler.java
7dab9c2d70d4d03b708d618c309367b28ca4f8f983e8669e646ac91f08fe3a0e	delosdb-engine/src/main/java/org/apache/derby/impl/sql/compile/Token.java
661d54d3c11ddfb3132de0237cfebe79cfc29de1cd97a14d27561f6430c27bf3	delosdb-engine/src/main/java/org/apache/derby/impl/sql/compile/TransactionStatementNode.java
65cdac909252604784952340453ba8a3653ec5ae70211877cee31e8dcf1b34e7	delosdb-engine/src/main/java/org/apache/derby/impl/sql/compile/TriggerReferencingStruct.java
54a29e1214b0b103a9a3e94931bea9b8615268927eb71c1082a5515aa3bb53a1	delosdb-engine/src/main/java/org/apache/derby/impl/sql/compile/TypeCompilerFactoryImpl.java
59d797eba8487020c104c3f2550626a7f931cf66e6f8ea5d9758fba8281ccd9d	delosdb-engine/src/main/java/org/apache/derby/impl/sql/compile/UCode_CharStream.java
af2b1718f78d63b01fa031de30c90d9bfb465e67f1a73971acb5f05f211d44ec	delosdb-engine/src/main/java/org/apache/derby/impl/sql/compile/UnaryArithmeticOperatorNode.java
58be80a7bd96ebfee8cb1c0b3e808f65409ac23471d3ea5706def87247ed493e	delosdb-engine/src/main/java/org/apache/derby/impl/sql/compile/UnaryComparisonOperatorNode.java
2acdaefc5c08c184ed2212fceec2f345a8decd206657749d20c5d297b05e0e04	delosdb-engine/src/main/java/org/apache/derby/impl/sql/compile/UnaryDateTimestampOperatorNode.java
3995d33e7542ca35e4480f839ceb07f10f614c3ec78664c8b9dcd2949281560d	delosdb-engine/src/main/java/org/apache/derby/impl/sql/compile/UnaryLogicalOperatorNode.java
4ca288dfc16d3016294c8d5d17edb9bed3e2b73ef288bfa62dd4e6c2272c9cc4	delosdb-engine/src/main/java/org/apache/derby/impl/sql/compile/UnaryOperatorNode.java
7f0a1fb0e38e375f83e06a0641feb2c6d98c84cbd5b82201ecb829d10573cf0f	delosdb-engine/src/main/java/org/apache/derby/impl/sql/compile/UnionNode.java
ba50b2a2bce2ad3cb04b0cb2c2a9970c3f1e78fea5b453cc0eed2d21aa2a5fea	delosdb-engine/src/main/java/org/apache/derby/impl/sql/compile/UntypedNullConstantNode.java
3092b5653bf3ea3e221dde7e2d78907c67da63958a28002f3c6380a0f23d717f	delosdb-engine/src/main/java/org/apache/derby/impl/sql/compile/UpdateNode.java
052f7f05979d05e33f109653c10bfeb8a825e7519828dbb231165140088d91d9	delosdb-engine/src/main/java/org/apache/derby/impl/sql/compile/UserAggregateDefinition.java
311072d8fc4c1d2aab98461a4b7a7abfbb70ebf7a783570796e625f917867c62	delosdb-engine/src/main/java/org/apache/derby/impl/sql/compile/UserDefinedTypeCompiler.java
7659cd27387eff89ce6827f512328224255f89d6424aa89b2faec0357d945911	delosdb-engine/src/main/java/org/apache/derby/impl/sql/compile/UserTypeConstantNode.java
da2f6e9a7d90b97af7e4dd809c33ba88330c16ec9a6fdd0bddf22bf0241e3707	delosdb-engine/src/main/java/org/apache/derby/impl/sql/compile/VTIDeferModPolicy.java
cb1324b5a66301678d5199422769ad24013d1eef834462238413c14ca3ceb5ed	delosdb-engine/src/main/java/org/apache/derby/impl/sql/compile/ValueNode.java
5ab85aa126115502db4e5d0d560d740c9ed6a396bb325ad573dda507d2dfb092	delosdb-engine/src/main/java/org/apache/derby/impl/sql/compile/ValueNodeList.java
9762ded7952065293f03e4ed6f5e524b1072b974a2832b69397c4d1a0bf288f2	delosdb-engine/src/main/java/org/apache/derby/impl/sql/compile/VarbitConstantNode.java
636d6c1f6366a1294488369f4c9082e5afc44e6ad16ddfff9064c671c509b61d	delosdb-engine/src/main/java/org/apache/derby/impl/sql/compile/VirtualColumnNode.java
a2e5769fd236a7a1861abbc6822d46e53a2e9bb620b282a565500ad49a4685a1	delosdb-engine/src/main/java/org/apache/derby/impl/sql/compile/WindowDefinitionNode.java
8719178d1deea41a8b0df19ec023efff682c15fa32ec544cf6f5c25c7a7b6f3f	delosdb-engine/src/main/java/org/apache/derby/impl/sql/compile/WindowFunctionNode.java
0d5d7a248a8961000171fccc4d04668a7eccfdd50891f7a9b5f70471b823ce0e	delosdb-engine/src/main/java/org/apache/derby/impl/sql/compile/WindowList.java
393637da208e1954788e94e1eeec0d18a0c54420f44a5905251664c4f6143067	delosdb-engine/src/main/java/org/apache/derby/impl/sql/compile/WindowNode.java
45b2f8092c54510fa6ba61bdcfcbdff8aec98ecc3b8536160980cc52e7ead636	delosdb-engine/src/main/java/org/apache/derby/impl/sql/compile/WindowReferenceNode.java
91b91a3edbf5eadb1b8ef576b848bc5094dbe3d7f2e31802270bb21c08578ad5	delosdb-engine/src/main/java/org/apache/derby/impl/sql/compile/WindowResultSetNode.java
1e42d2c2c6d3014fd6634c4374c176805b1eac766b09f07df5781d232796740f	delosdb-engine/src/main/java/org/apache/derby/impl/sql/compile/XMLConstantNode.java
469141dde025b853f2d87016ed562638711b10ef57ee7c19b4aefe01ac784d99	delosdb-engine/src/main/java/org/apache/derby/impl/sql/compile/XMLTypeCompiler.java
98230780af242cefedf9929652b01a60761ec659ade015589c82106a4fba4065	delosdb-engine/src/main/java/org/apache/derby/impl/sql/conn/CachedStatement.java
da253a14ddc0e55c9325cd44ce8994011d3eea8bdb2128e64bf95228c5b25a39	delosdb-engine/src/main/java/org/apache/derby/impl/sql/conn/GenericAuthorizer.java
9a707609143b2fb19651576d3436d12ee9ffc6d331a6f489c5aba38b7389d8c1	delosdb-engine/src/main/java/org/apache/derby/impl/sql/conn/SQLSessionContextImpl.java
be9579a6eb4531a2f7d4919ea2f76a217da9a0026a1fab07292a036f5dcf5a96	delosdb-engine/src/main/java/org/apache/derby/impl/sql/conn/TempTableInfo.java
c7bc55782e25ac1559f95b8cfd41415b738a51c67ef09623838f9494c03eb9be	delosdb-engine/src/main/java/org/apache/derby/impl/sql/depend/BasicDependency.java
c59fb97bb8bcef06dc127c675238a09df39b2770edda7d77bbc4af2fa4ba9778	delosdb-engine/src/main/java/org/apache/derby/impl/sql/depend/BasicProviderInfo.java
a9e8ccdcd9b33d80bfc9bc0818cc7e8076e3956e8a253490ae35cc60c932b4eb	delosdb-engine/src/main/java/org/apache/derby/impl/sql/depend/DepClassInfo.java
e0028be72b08bc60bb59e54b8e34bace684b9174ab8e0033bd1abf4d2ebc334e	delosdb-engine/src/main/java/org/apache/derby/impl/sql/execute/AggregatorInfo.java
bd781e15985076a1b5e601d474efb33d095a8c98c7ded4edf10e2ff8ff64e1d0	delosdb-engine/src/main/java/org/apache/derby/impl/sql/execute/AlterConstraintConstantAction.java
7c5871cf7be0232422533a6320bd10d7c677678e76105c09d7fe858ff7f117b6	delosdb-engine/src/main/java/org/apache/derby/impl/sql/execute/AutoincrementCounter.java
38c9a60109ab39618e2dec97bd8537aee7697abc95252ac07e2ad5bf7cfe9a79	delosdb-engine/src/main/java/org/apache/derby/impl/sql/execute/AvgAggregator.java
0d03a3bb65ff9ac0e7e99191a7dfa583968055e35fe9814158cfd1f806b86a6b	delosdb-engine/src/main/java/org/apache/derby/impl/sql/execute/BaseExpressionActivation.java
1dc2a98ba7c7bd617dd9cedc76fc279b672da34172f85b138f73699bd22b09fa	delosdb-engine/src/main/java/org/apache/derby/impl/sql/execute/BasicNoPutResultSetImpl.java
5791be5e072050f6d3c447f138a1aa74c3a16474e5440b2bdda56de4b5eea31c	delosdb-engine/src/main/java/org/apache/derby/impl/sql/execute/CallStatementResultSet.java
84309aedb0713403af7463b905f5d8202a484ff56ea9d7d30d6605c01bea2241	delosdb-engine/src/main/java/org/apache/derby/impl/sql/execute/ColumnInfo.java
86c1d7df0bf52ca6f25ed330dc8ae8f23278c5cda9b663bc11cb66a065211e20	delosdb-engine/src/main/java/org/apache/derby/impl/sql/execute/ConstantActionActivation.java
90abcb3a09e912ef9edeca795efb4b600dcf5ddb3ac1cdeefb50b6de019d646b	delosdb-engine/src/main/java/org/apache/derby/impl/sql/execute/ConstraintInfo.java
6b935823594545c712ee66333a896a7312c870640dc03b51c6463500f300c626	delosdb-engine/src/main/java/org/apache/derby/impl/sql/execute/CountAggregator.java
a91f531193385a3fc3676ae57ab969303658772bfc81de46c9ccea8f1aaba0c9	delosdb-engine/src/main/java/org/apache/derby/impl/sql/execute/CreateAliasConstantAction.java
60e683cb45144ee61df5c6d9b73562bc8cb174f11d4eaf4ec030e6225e4d6cca	delosdb-engine/src/main/java/org/apache/derby/impl/sql/execute/CreateRoleConstantAction.java
d718cf11291045c372ce0a4aeb3595a592b4c94347f9ab023ff81ac552d7aaed	delosdb-engine/src/main/java/org/apache/derby/impl/sql/execute/CreateSchemaConstantAction.java
ff0e1086275c57d07b30f978ebf4b8dcdff86e175ded0e86e7959db135123709	delosdb-engine/src/main/java/org/apache/derby/impl/sql/execute/CreateSequenceConstantAction.java
e73b3bf3026fc0cba95e97fb6ba6a75304d5c4b8784effca822635ec25b342a3	delosdb-engine/src/main/java/org/apache/derby/impl/sql/execute/CreateTriggerConstantAction.java
97281166e92aed346187c4e9988c511631d4ac6ac3a196c08431b122efb59be6	delosdb-engine/src/main/java/org/apache/derby/impl/sql/execute/CreateViewConstantAction.java
c982fbb0e07720b94994a739168f0bab63e7753cae44900dd0dc62530722fea3	delosdb-engine/src/main/java/org/apache/derby/impl/sql/execute/CurrentDatetime.java
67f464e17b9f260d429eef7488170793cabfa6f17e7923b6ce8e88f0f4a969e8	delosdb-engine/src/main/java/org/apache/derby/impl/sql/execute/CursorActivation.java
e2ca0d7b9e1ba5f09ab59457ce1d7ad0abb8a03d0889c8f47acf40cc257f87ae	delosdb-engine/src/main/java/org/apache/derby/impl/sql/execute/DDLConstantAction.java
6abdec43fe02cfe6d68e3439a8aade943ff2bc706a2a88b22d49ce9696acc32f	delosdb-engine/src/main/java/org/apache/derby/impl/sql/execute/DMLVTIResultSet.java
7ed765c65f8a83ae3ba3b510131277386b623a14088f84adcfe0335a15374f90	delosdb-engine/src/main/java/org/apache/derby/impl/sql/execute/DMLWriteGeneratedColumnsResultSet.java
cc4f2a7acf20ffb7e27fba710c1916110125b440be1c13346b59b75a32445bd1	delosdb-engine/src/main/java/org/apache/derby/impl/sql/execute/DeleteConstantAction.java
bb836353666961eada5f1c561e374854617dab060f5aa6b170d1eb7c63f94ee5	delosdb-engine/src/main/java/org/apache/derby/impl/sql/execute/DeleteResultSet.java
31ea4d8875a78aab098891cd5825da68cd4a8a753c9abdea09ab907b1d73adcb	delosdb-engine/src/main/java/org/apache/derby/impl/sql/execute/DeleteVTIResultSet.java
a53301cb7c88e12c74c7a8a5b463ab0a8d384df98ac6ceb49ccbd279d9aadfe9	delosdb-engine/src/main/java/org/apache/derby/impl/sql/execute/DropAliasConstantAction.java
46343969a0826dc98696e8bbe0d60c804273f414d2508654cac3f4585c07ce5e	delosdb-engine/src/main/java/org/apache/derby/impl/sql/execute/DropRoleConstantAction.java
c84ad66b319a05e27222c9a2adaa5f77c28c81379c4077533d4bd339360a360a	delosdb-engine/src/main/java/org/apache/derby/impl/sql/execute/DropSchemaConstantAction.java
9171e23b51576cc9d1226165b70d6331d347054e6772e27b26c2ca0023f4a2d2	delosdb-engine/src/main/java/org/apache/derby/impl/sql/execute/DropSequenceConstantAction.java
5f11449eed6e22f4ebc1f626f12413ca3cd994dde766b26c78ba8cb0abb0cadf	delosdb-engine/src/main/java/org/apache/derby/impl/sql/execute/DropStatisticsConstantAction.java
d36321f7d6dec529b44f15528d2a85cfb0e505c5c6a510b89eb9a25c8eb87407	delosdb-engine/src/main/java/org/apache/derby/impl/sql/execute/DropTableConstantAction.java
4ff3d0b1121802f22bfa9f4005fc8f7ba0c26d4caf0fcfad2406fb1e5f4c63cb	delosdb-engine/src/main/java/org/apache/derby/impl/sql/execute/DropTriggerConstantAction.java
a38d3bf5b8bb0ce07a5fcd53cbd54624c1f8f8790f6ee4884986516ffd979430	delosdb-engine/src/main/java/org/apache/derby/impl/sql/execute/DropViewConstantAction.java
54469c337b4ff7ebf96711b93e34519daf80948f0eeb44d6e051e06b90c0c6a1	delosdb-engine/src/main/java/org/apache/derby/impl/sql/execute/ExplainAnalyzeResultSet.java
2a962e4939702668efe1ded7e7f7780b8f16ff54ba3e3a83b6656913b5fa67b4	delosdb-engine/src/main/java/org/apache/derby/impl/sql/execute/ForeignKeyRIChecker.java
9531ae59f652784c62ec2cea8d3c557579fa6562dbf6b6c58042dd342f8dbdca	delosdb-engine/src/main/java/org/apache/derby/impl/sql/execute/GenericAggregator.java
92deac807cdf3000845f16f3c4ddf026969a7b6910002489d33845e5045caa1c	delosdb-engine/src/main/java/org/apache/derby/impl/sql/execute/GenericExecutionContext.java
c02ec67f10fc0df6cf10d5df576f514fd90d91d40f2f7060c621a03ea2cc45d5	delosdb-engine/src/main/java/org/apache/derby/impl/sql/execute/GenericPrivilegeInfo.java
378289040ddad3f72e1e916770e42b9a065547e413460df34f3eb4a674cd9675	delosdb-engine/src/main/java/org/apache/derby/impl/sql/execute/GenericQualifier.java
8b73ce8d8ed5177ee0f533503b01324d46396f23c002161226bd7a3effe8545c	delosdb-engine/src/main/java/org/apache/derby/impl/sql/execute/GenericScanQualifier.java
ed1a46cc28bafe189489f05fc14ff7c389fa5840c3427b52cae84236a95dac0f	delosdb-engine/src/main/java/org/apache/derby/impl/sql/execute/GenericTriggerExecutor.java
32f7b65921db9a201d8e89fa65ec951cb1471d681132cd6a7901a6c6b8f73a63	delosdb-engine/src/main/java/org/apache/derby/impl/sql/execute/GrantRevokeConstantAction.java
8fd98ea13fb95006d21c42697903840904aad585ff9c0b8c1ed01010f3bb6e6f	delosdb-engine/src/main/java/org/apache/derby/impl/sql/execute/GrantRoleConstantAction.java
c18d199a2c34cefe60292be7e08872102399057a06cd51adcb0aa3bb126d7198	delosdb-engine/src/main/java/org/apache/derby/impl/sql/execute/IndexColumnOrder.java
873f7e655bdf83615c718bfe4dd4f3a8c17b50b0c14ed66627dda3045d94fb73	delosdb-engine/src/main/java/org/apache/derby/impl/sql/execute/IndexConstantAction.java
329f649b488159b6e000834dea391b071e8adba3ad558518dc5b5fbc0957908d	delosdb-engine/src/main/java/org/apache/derby/impl/sql/execute/IndexRow.java
402818ecb7fdd680c63a7953ea819e63e976c768ffaf8062077afb8418296fb3	delosdb-engine/src/main/java/org/apache/derby/impl/sql/execute/IndexSetChanger.java
7de5c4ef8d1934d823d57bc627be9195963b7d67ec4660447e143e6114e17678	delosdb-engine/src/main/java/org/apache/derby/impl/sql/execute/IndexValueRow.java
412acf793747426585f427738ecb2805f726b72e3aca8612713fa92604b33710	delosdb-engine/src/main/java/org/apache/derby/impl/sql/execute/InsertVTIResultSet.java
709066f30abdcb4e79159eae47510a80e587fad70c75e0eff03582f575fdc2ff	delosdb-engine/src/main/java/org/apache/derby/impl/sql/execute/LockTableConstantAction.java
173acd4c7df68a0a44003665829828b7201bb23d6488b2ab5e7024033c38c38d	delosdb-engine/src/main/java/org/apache/derby/impl/sql/execute/MaterializedResultSet.java
084fd1ef08293bfc98f4c251228175fd0a26c7dbd6eec415544077bb214814d7	delosdb-engine/src/main/java/org/apache/derby/impl/sql/execute/MaxMinAggregator.java
03dcece5e835156a9ac2992777e5cbb52d9110524c690dd268f1d7378b080c74	delosdb-engine/src/main/java/org/apache/derby/impl/sql/execute/MergeConstantAction.java
06926028f9eb8c1888a1e162acf891dfe98ef879269ab0a897d0f95a0efca2f0	delosdb-engine/src/main/java/org/apache/derby/impl/sql/execute/MergeJoinResultSet.java
fbd4be3d3f727eeaf0e703498308a941642703e7f66449376e363e5d8aa6bb93	delosdb-engine/src/main/java/org/apache/derby/impl/sql/execute/MergeResultSet.java
d2994a49f022cb8e37ae4303dc581140c9f64699cc603d34562730cc42e1fd6d	delosdb-engine/src/main/java/org/apache/derby/impl/sql/execute/MiscResultSet.java
072945d5a5be80a63ec05ea30b550f49a201731895435485a6a9210dc6330786	delosdb-engine/src/main/java/org/apache/derby/impl/sql/execute/NoRowsResultSetImpl.java
3e1034baa3a44d24ccc4bb4a8ebf1b482539528c3b01a15310dd27ae4af68922	delosdb-engine/src/main/java/org/apache/derby/impl/sql/execute/OrderableAggregator.java
540f0ab02ed0b1b403a942156ec73e65ce326c2a0f3fa8b9859785bc15665f7c	delosdb-engine/src/main/java/org/apache/derby/impl/sql/execute/PrivilegeInfo.java
69a1b28ad8f1b9f7fe2aa7869c3154634d332663dcebea9d41352bd343a9989d	delosdb-engine/src/main/java/org/apache/derby/impl/sql/execute/RIBulkChecker.java
3d3820339210745b5544634e11ac7ffca775410593c4aef3a99c418228ff9252	delosdb-engine/src/main/java/org/apache/derby/impl/sql/execute/RISetChecker.java
9e93f17a153bd4e2d31ed19b402572d2f62997bce25916aa3fd7de04d5058b0f	delosdb-engine/src/main/java/org/apache/derby/impl/sql/execute/RealResultSetStatisticsFactory.java
bd11ef3eb9adfd2ab877e647c7103dee1145fa5d5dca233bfe6aaaa5e01b5f20	delosdb-engine/src/main/java/org/apache/derby/impl/sql/execute/ReferencedKeyRIChecker.java
c4914be5283722abf33b787318adbbb9c27cb8605748b112f85ef86355b2d5c8	delosdb-engine/src/main/java/org/apache/derby/impl/sql/execute/RenameConstantAction.java
bfc28221ecf9a8b0602cfb0a44f2af4db57e18e744f1d3ddbbd49ae3e98b1105	delosdb-engine/src/main/java/org/apache/derby/impl/sql/execute/RevokeRoleConstantAction.java
17ec9de2749d3372afa8ca4af164f3c94ac545c3383a722baeef139cc896a21f	delosdb-engine/src/main/java/org/apache/derby/impl/sql/execute/RoutinePrivilegeInfo.java
c2b5adf51d5e9c92c3c685a1912c1dd0fee907fb6ca6dd86518d90026300fa57	delosdb-engine/src/main/java/org/apache/derby/impl/sql/execute/RowCountResultSet.java
1380de509547fb8e2ca8ad9839135068a634c284c8d568b4a46419c18aa7c10a	delosdb-engine/src/main/java/org/apache/derby/impl/sql/execute/RowResultSet.java
8638bfe1603191faff5dd2984444294ba2453e88365ff57218d485e1126d2e13	delosdb-engine/src/main/java/org/apache/derby/impl/sql/execute/RowTriggerExecutor.java
2e1ef0c24524d9bead7073a3330ce49e023e84d00e388776e8dfd7db454dd24c	delosdb-engine/src/main/java/org/apache/derby/impl/sql/execute/RowUtil.java
78ffc776c2afc40f57b4286c982744e241bfd74e98324a4bf0c693571d7d15b9	delosdb-engine/src/main/java/org/apache/derby/impl/sql/execute/SavepointConstantAction.java
0e8eccd2c7dd554cc834d89e7c325ef0a6d0fabdb276764bb06d0340e694cd4a	delosdb-engine/src/main/java/org/apache/derby/impl/sql/execute/ScanResultSet.java
ad8bfbd49a5b4d2117ec3df318e5a8cfdc1557ab2155b6ac0f15bca2e7bb38d8	delosdb-engine/src/main/java/org/apache/derby/impl/sql/execute/ScrollInsensitiveResultSet.java
bea2bd9a46d223affcf50589c54e8ad5aa443d6b76c415f4a815f9d9d259b73b	delosdb-engine/src/main/java/org/apache/derby/impl/sql/execute/SetConstraintsConstantAction.java
69306234d659a07ea1d272036fa75428d959f47a0e4b721feb1e8319b4781e58	delosdb-engine/src/main/java/org/apache/derby/impl/sql/execute/SetRoleConstantAction.java
8d6c75826c09447f77d3a5413f0bddd6799fc5b15da1b15d8420ddebbc5637b4	delosdb-engine/src/main/java/org/apache/derby/impl/sql/execute/SetSchemaConstantAction.java
124ca5b89f284128ce4cf98afd6f3ac1fe7c30db8122e830466bd34bc5e21d9b	delosdb-engine/src/main/java/org/apache/derby/impl/sql/execute/SetTransactionIsolationConstantAction.java
b7a9b1b63db6f9693929e963b868e255b9491997996cbafde301ee30fd540b14	delosdb-engine/src/main/java/org/apache/derby/impl/sql/execute/SetTransactionResultSet.java
83b77396e9e02ec19f860949aa4fb1d0d40195072c1a0d3be221eecfd4bb3ff7	delosdb-engine/src/main/java/org/apache/derby/impl/sql/execute/StatementTriggerExecutor.java
ca04e541e65aca641a01d2c7550be5a56232fb0bb364b6368a276660f84c0817	delosdb-engine/src/main/java/org/apache/derby/impl/sql/execute/StdDevPAggregator.java
87139fb88e0e2181133dc22c2c5b9a2372c5174949a5e2f356b5b2b77839b114	delosdb-engine/src/main/java/org/apache/derby/impl/sql/execute/StdDevSAggregator.java
e0b39a2db2d6466c9d5c36e3302f3de01569c7d6d16b330ca15063b5633758c5	delosdb-engine/src/main/java/org/apache/derby/impl/sql/execute/SumAggregator.java
3a5c8bcedf1e19533272e76d6ed96a0731bb9c23988756aa1ae7dcdadca66e00	delosdb-engine/src/main/java/org/apache/derby/impl/sql/execute/SystemAggregator.java
4c79c3d97a8d2c9fcc8faf50aed8262e769af2b8969e0adcdc215b02c5d6b0b5	delosdb-engine/src/main/java/org/apache/derby/impl/sql/execute/TablePrivilegeInfo.java
32e368f400ba8bf34289ebe0f839bd57b2ad8c7c982b23d8d855ea0a8d07b0ee	delosdb-engine/src/main/java/org/apache/derby/impl/sql/execute/TriggerEvent.java
051dd557d314ac5857ef361526e46ab9a519f79986a66faec6fa8cb9099db3b5	delosdb-engine/src/main/java/org/apache/derby/impl/sql/execute/TriggerEvents.java
963c24e97962a90789773303ecb50bef64f1f97bc535603ecec3c48bfe84f2fb	delosdb-engine/src/main/java/org/apache/derby/impl/sql/execute/TriggerInfo.java
77ba5f7b3f808b4ca81718b27669393f76bf93c8963f0478f047b946052a2f42	delosdb-engine/src/main/java/org/apache/derby/impl/sql/execute/UpdatableVTIConstantAction.java
db000a388c61c65b2d35a2c7e4b4b2d31ddc8baa913e4931375c0940efbe8191	delosdb-engine/src/main/java/org/apache/derby/impl/sql/execute/UpdateConstantAction.java
101276a65c80a4982c4b4c671866a0761036f886e9baabeb11b230b3f0ce8667	delosdb-engine/src/main/java/org/apache/derby/impl/sql/execute/UpdateVTIResultSet.java
82207b18728f88828b4a049f6f8164f0b4b6f421eef6c6e8d6c78bd56c6640fb	delosdb-engine/src/main/java/org/apache/derby/impl/sql/execute/UserDefinedAggregator.java
c0a09a78f10ee0404aa939f07ba001e6fd0eeddad286d15a5c758fb0e9e4bafb	delosdb-engine/src/main/java/org/apache/derby/impl/sql/execute/VTIResultSet.java
36c4ba16ebcd78a5baa1a814f5504b863afe4be70a9fcd54009604067ff0915c	delosdb-engine/src/main/java/org/apache/derby/impl/sql/execute/ValueRow.java
a9452578481cbe657a8477e4ecca8a8684d078719159a398d143ca0d74409bb4	delosdb-engine/src/main/java/org/apache/derby/impl/sql/execute/VarPAggregator.java
8f030ad01292ea2ef238b9c2af7d5fe210e86a421e126e66f19074fe94ca46d9	delosdb-engine/src/main/java/org/apache/derby/impl/sql/execute/VarSAggregator.java
92115cb45394f21f3d3e9c4aa6b336ae1e63019b77dba10dcafe3e9c61abeecc	delosdb-engine/src/main/java/org/apache/derby/impl/sql/execute/WindowResultSet.java
cc69cda7b43444375311bd6ae2cb16f4d11434e82c69c0ce643dc6088e4fd96c	delosdb-engine/src/main/java/org/apache/derby/impl/sql/execute/WriteCursorConstantAction.java
cff81e07f002564774476995bb5fb3ffead3803741b70e895384c24d0b3edb08	delosdb-engine/src/main/java/org/apache/derby/impl/sql/execute/rts/RealCurrentOfStatistics.java
7686e6edcee48de1898a7c657132de4e5e04cfdaa0c1d0179c241b4ab4839c91	delosdb-engine/src/main/java/org/apache/derby/impl/sql/execute/rts/RealDeleteCascadeResultSetStatistics.java
83f27a47c8f3704de81bfdd29c57db4d79378628fdd780695b80642e1737b62a	delosdb-engine/src/main/java/org/apache/derby/impl/sql/execute/rts/RealDistinctScanStatistics.java
d1f3a7480f7e910cdd1b38ec8da39a2205d43fae1511d9d433a60d5cf5b9b65b	delosdb-engine/src/main/java/org/apache/derby/impl/sql/execute/rts/RealHashJoinStatistics.java
0a4d17122e739513bced9a1a7e6dbd48f97f7725bd68b46d8920fa09a6f186a7	delosdb-engine/src/main/java/org/apache/derby/impl/sql/execute/rts/RealHashTableStatistics.java
53148bd6127ada67f0c4b044299f365b988498034ee3521f83ec148cf5723399	delosdb-engine/src/main/java/org/apache/derby/impl/sql/execute/rts/RealNoPutResultSetStatistics.java
9cc561df8dc3fe3e1907e333cdc0f36b0da215c1c3ee32ee0f5424ef19ea160c	delosdb-engine/src/main/java/org/apache/derby/impl/sql/execute/rts/RealVTIStatistics.java
36fce328b9e43acdb4ebd0f9a7a0ce9f199245eb522c81af6782d1716e09c35c	delosdb-engine/src/main/java/org/apache/derby/impl/sql/execute/rts/StablePlanExecutionEvidenceBuilder.java
2ba2f052a525c80799c0c55a09876090f4af598d0f2291b687a21b6f03bc4a70	delosdb-engine/src/main/java/org/apache/derby/impl/sql/execute/xplain/XPLAINDefaultVisitor.java
87417f9fe961d2f7bce6e0d2657b14471ffbc6b8db4c45bb092e61ee6668294b	delosdb-engine/src/main/java/org/apache/derby/impl/sql/execute/xplain/XPLAINFactory.java
31a4f3150e3e0927e264f9f840cf2a8cec7b4b13051653f14bb27fe0432a8de7	delosdb-engine/src/main/java/org/apache/derby/impl/sql/execute/xplain/XPLAINSystemTableVisitor.java
e75f75aeb460a9324766e85faf4277ce47b2b22d9850ba58e934c5d087a8fe84	delosdb-engine/src/main/java/org/apache/derby/impl/sql/execute/xplain/XPLAINUtil.java
f33d25b7164fb9da393cb8923adf0e325742c7d89c1150a9fc472f17a2ee5c82	delosdb-engine/src/main/java/org/apache/derby/info/engine/DerbyModule.java
5f5cc311e7ac43ab0b38ee921c338e88880e4884277caa2b36392149ed238a11	delosdb-engine/src/main/java/org/apache/derby/mbeans/CacheManagerMBean.java
354cbadbfee9d58cf09e43c41154ca36aff7a67fa187375fd5081e240a1d3fb9	delosdb-engine/src/main/java/org/apache/derby/mbeans/JDBCMBean.java
a106f6519d573c425875fa04db051b82af27b9f6ca49246ec923e3a1fd773d07	delosdb-engine/src/main/java/org/apache/derby/mbeans/Management.java
d42605a1780edc85be523510435c47f0d879998aab20fc91659012f26b1403cf	delosdb-engine/src/main/java/org/apache/derby/mbeans/ManagementMBean.java
1bdc6d3f3c80fbc49b37a461399726b629e851cfa86ea1dd0d74f7ceab8e9817	delosdb-engine/src/main/java/org/apache/derby/mbeans/Version.java
92ba37b999a5d6e589173de51a7c76d2b4361cab3854e05a0851a514b5a1e883	delosdb-engine/src/main/java/org/apache/derby/mbeans/VersionMBean.java
bbe7f25307dd5492d68e75cdcf7d372cb4b6745bd0362c9c2f47b96f17362f5a	delosdb-engine/src/main/java/org/apache/derby/osgi/EmbeddedActivator.java
a23712e9a5dbe6f31ec226e2fad5504811acdcdecc5a504528880a516ca59d95	delosdb-engine/src/main/java/org/apache/derby/vti/AwareVTI.java
d2476d915a19070ba0220428dbd8115698991f3a79f865cdfb43b4dfb74e9fa2	delosdb-engine/src/main/java/org/apache/derby/vti/DeferModification.java
e48af103314a23880a1a6332b3d269100bfd3032ec4579a44e88bb45c1242e7b	delosdb-engine/src/main/java/org/apache/derby/vti/ForeignTableVTI.java
1c5213663dd9bedbf18a411d39b18261910a93208a6b88097fa51fb211f9f752	delosdb-engine/src/main/java/org/apache/derby/vti/ForwardingVTI.java
cde01a3b6cca2cfd2050afe90273424fda1d066c1658897c01d5dae72642d294	delosdb-engine/src/main/java/org/apache/derby/vti/IFastPath.java
bd679af8b1b47cfa94ac4d8760e0537c1d1fdb0fd5c262835caf82f40a99a953	delosdb-engine/src/main/java/org/apache/derby/vti/IQualifyable.java
26e3487ad79348981eb4e41e7e4cf05fb95e9606e78fa6a8355186c494845454	delosdb-engine/src/main/java/org/apache/derby/vti/Pushable.java
86e41db2e86a47cab46cf301a38cce35068aa969f68ce88f3086d67359000a69	delosdb-engine/src/main/java/org/apache/derby/vti/RestrictedVTI.java
8aa83209765141c008e401da8171ab73a583735daf94d68d99bc5f367c562a01	delosdb-engine/src/main/java/org/apache/derby/vti/Restriction.java
a5adb9f0a13e910773f9aeaf8629261ec3e77c3e938eed441de89799ffd261fa	delosdb-engine/src/main/java/org/apache/derby/vti/StringColumnVTI.java
2f3414a9bde08f731565df46325f146dee4f11daf4ead22783d8a87c4170a87c	delosdb-engine/src/main/java/org/apache/derby/vti/VTIContext.java
37e1c183eb5c33b9a717047c6d78e8c6a05d224534ad53c562de5e14281beaaf	delosdb-engine/src/main/java/org/apache/derby/vti/VTICosting.java
98bde581eee688552d06480169020ca5cd6dfbe77f287a3b2c81dfc617e3b6da	delosdb-engine/src/main/java/org/apache/derby/vti/VTIEnvironment.java
0602cb53ff99ac8f68eda5ad770ac415971596edd62f9d7ffdf0e104fb860598	delosdb-engine/src/main/java/org/apache/derby/vti/VTIMetaDataTemplate.java
0d73ae95acda13404d00561e7fb48ab8d4822b92510dd5286f2b9582538c471d	delosdb-engine/src/main/java/org/apache/derby/vti/VTITemplate.java
dadedd57bb5ac5a7555b4fa35724343115c8f65b1c17f733a3c62f0e1b1c5977	delosdb-optionaltools/src/main/java/org/apache/derby/optional/api/LuceneIndexDescriptor.java
160f1f231767a2a09e8cb9e437acea13e9ec95e6d7a7ff785f29e03ffd703c2f	delosdb-optionaltools/src/main/java/org/apache/derby/optional/api/LuceneUtils.java
9783d790e6badedf38b9f3d14e0a53506404d376d364a9122b56d6b0e0632526	delosdb-optionaltools/src/main/java/org/apache/derby/optional/api/SimpleJsonUtils.java
30f0fc65ad1eb68c52c1450cb7b71338f5eb77657aafdcc3dd245c66b30363cf	delosdb-optionaltools/src/main/java/org/apache/derby/optional/api/SimpleJsonVTI.java
a44b542cc70c459681048ff680f3c6106bce1e7c1581b8971d89f409f184a9bb	delosdb-optionaltools/src/main/java/org/apache/derby/optional/dump/RawDBReader.java
6e7ae6190f6b4c5a36343723eee72a2d74bdbaf967ec86079564073f011769db	delosdb-optionaltools/src/main/java/org/apache/derby/optional/info/DerbyModule.java
1832a6c582c9378e6a8841626f896e2289213ea36b44ca8131cd9ac6a3479693	delosdb-optionaltools/src/main/java/org/apache/derby/optional/json/SimpleJsonTool.java
02333bebea16d04d395b3a599162e22d6e6d90bcce37d5670b3be38f8e736a76	delosdb-optionaltools/src/main/java/org/apache/derby/optional/lucene/DerbyIndexInput.java
3553a26afea3250b42ee77f714af2cf7a656e74b174808c974216c3d04cd1924	delosdb-optionaltools/src/main/java/org/apache/derby/optional/lucene/DerbyIndexOutput.java
fb0ae0ea83404ed383b2351db1653932965ec8914a1c2d8c96338590f2720251	delosdb-optionaltools/src/main/java/org/apache/derby/optional/lucene/DerbyLuceneDir.java
47d49110a1880d6089e84976a7caf7f0fa53a2b0a42bf01cecd752e39e963c11	delosdb-optionaltools/src/main/java/org/apache/derby/optional/lucene/LuceneListIndexesVTI.java
28c26e2af14fe990e6bc004f012a0a0ea4a4f434302fcce7cb6a58756c7df854	delosdb-optionaltools/src/main/java/org/apache/derby/optional/lucene/LuceneSupport.java
16cf929fb17dc59a2eb0a897a43da348140cddebd0874de2a8e3fd72ab8276c0	delosdb-optionaltools/src/main/java/org/apache/derby/optional/utils/ToolUtilities.java
1c9047c4be0f26cb641ea65e6994ae5b3a161fcba74255019f8aa3910c8aad1c	delosdb-osgi-stub/src/main/java/org/osgi/framework/AdminPermission.java
f6f8b0760f621930e27b9c9b46ae6b72378eca03a9580ea7aacb73789325587e	delosdb-osgi-stub/src/main/java/org/osgi/framework/AllServiceListener.java
a82f4f55626b5f44583100773458feebde862c1ceb70948d92b2186d3ba0cf8d	delosdb-osgi-stub/src/main/java/org/osgi/framework/Bundle.java
7b0e749acc96198ec14619dabfe794ece2c8577391faa766b07a3b6da0f9ba27	delosdb-osgi-stub/src/main/java/org/osgi/framework/BundleActivator.java
b2900c67096edb3ea78972c68e22b8b24ae3536d0cdf5f92c8b2b33bb9aa96ae	delosdb-osgi-stub/src/main/java/org/osgi/framework/BundleContext.java
992288cb0d9e09a0eae18f96bc9b50a497119b6809ee2ff48e0380e6ef9ef92d	delosdb-osgi-stub/src/main/java/org/osgi/framework/BundleEvent.java
1f102a78538e90075de759b9bd0a5b8f0cf41dd01293b27470ef6b7de44f8770	delosdb-osgi-stub/src/main/java/org/osgi/framework/BundleException.java
5086b7018a73e64e7aeae8e04084ecff1cf0f3015dfe9d4f5ef5b4666a07a26f	delosdb-osgi-stub/src/main/java/org/osgi/framework/BundleListener.java
adc4154aabf975410702427fe481fbcb2916985b7fca003d21e9b91f403b6f33	delosdb-osgi-stub/src/main/java/org/osgi/framework/BundlePermission.java
00e3f775d53de6078233393ff03ab676ea9170f7502536e4006b27cd0710b8a4	delosdb-osgi-stub/src/main/java/org/osgi/framework/Filter.java
274998626c9e8728bb7489540eb96f8d0091369124b62f62aac121ae2490f2ba	delosdb-osgi-stub/src/main/java/org/osgi/framework/FrameworkListener.java
59b7b1f210c57bf551ccc3e9b657723f6f14d1e1bc5c0bcd8de860faed5e78dd	delosdb-osgi-stub/src/main/java/org/osgi/framework/FrameworkUtil.java
385fbd93820d6c87f2da552dea78e00c220cc796f7af0a79aad0f57d92aa36e6	delosdb-osgi-stub/src/main/java/org/osgi/framework/InvalidSyntaxException.java
39cb3c22223dd13af136c2e1c19d28442eb218344c7e9a90bbdbd0fa9cb7ec6d	delosdb-osgi-stub/src/main/java/org/osgi/framework/PackagePermission.java
9e7cce6d447165b32fc384ea22548ac571fa41827d7e9b690a36e6c7f99ee2d7	delosdb-osgi-stub/src/main/java/org/osgi/framework/ServiceEvent.java
631c0da3fe21241a0a709b77706eabb30022f27bd8e37d0d20e791d4830807f2	delosdb-osgi-stub/src/main/java/org/osgi/framework/ServiceFactory.java
ef0cbe5c92b3d0af58f9b6f4200c8ea4e1db5cc2850ceefacb7f9715bca07e92	delosdb-osgi-stub/src/main/java/org/osgi/framework/ServiceListener.java
cce38d4ac18cf5375081eacb12aba81b2728f3e7cfed81e33e50e90a4eed3e44	delosdb-osgi-stub/src/main/java/org/osgi/framework/ServicePermission.java
c516bec568a8baa3a950f51a33ce16050168bfbeea27699b11e7b5e4d5d8bbb8	delosdb-osgi-stub/src/main/java/org/osgi/framework/ServiceReference.java
f80966489f9dbe1a1ce30ea5acc22de9f1a6ee834671ff441cd5b39c4fefda1b	delosdb-osgi-stub/src/main/java/org/osgi/framework/ServiceRegistration.java
3af42b026c35d5b7d0a6bc6c7094b24fb766cb74f8a6e25c0fa52cee35c4bd83	delosdb-osgi-stub/src/main/java/org/osgi/framework/SynchronousBundleListener.java
ab1a7cf5ee71252a9722e30b43a6e4ae19f02e5415c6cd0bde6a196e97822fd3	delosdb-osgi-stub/src/main/java/org/osgi/framework/Version.java
309538df001bb1eb993b1ca2c523048c9823e0fc9ce7ffb3ff7da0087629bbd0	delosdb-runner/src/main/java/org/apache/derby/run/info/DerbyModule.java
1b2822d8e8190efcb03e71b3d22723ab5bce50ff8d56749895e3fd1efc51e485	delosdb-runner/src/main/java/org/apache/derby/run/run.java
a5fbec80f82b5245d391cb3cf54be0266b6f1cbb712dc25306b602e6f056caf5	delosdb-runtime-api/src/main/java/org/apache/derby/iapi/services/cache/CacheFactory.java
af6c3201a85a2c9d351e8051bbf594d1048167ddf950d92e45f6104bc66b5219	delosdb-runtime-api/src/main/java/org/apache/derby/iapi/services/cache/Cacheable.java
4183fd8295bbce4732ecb352bbb2555f95a9d17b93945f8cb7f1e4e5efe67cdf	delosdb-runtime-api/src/main/java/org/apache/derby/iapi/services/cache/CacheableFactory.java
50aea3a46dd2e935086cd099ffb982a4542e38a79cad008d0a1df71061bdc143	delosdb-runtime-api/src/main/java/org/apache/derby/iapi/services/cache/SizedCacheable.java
01d86fdb7d26634c003cf468be10b86664b0d0f89f1c60d12ebb8848abf8187f	delosdb-runtime-api/src/main/java/org/apache/derby/iapi/services/classfile/VMOpcode.java
1cb9526037209fffe601615e0d9199e9616fd2a71619dbc8b762e3a0f23d9a7c	delosdb-runtime-api/src/main/java/org/apache/derby/iapi/services/compiler/ClassBuilder.java
3f6083d7198a9a8b4e5236054a4734ad5b7e8e432651efe640c57ae6fde237fe	delosdb-runtime-api/src/main/java/org/apache/derby/iapi/services/compiler/JavaFactory.java
3f5e8dd76390dac7881b4114dab3920ea6976ff504effad0f08c8a7d03f51377	delosdb-runtime-api/src/main/java/org/apache/derby/iapi/services/compiler/LocalField.java
6c5e55bd7340968edfaa8da5c39a4ceb5a884fbccfc4d3c901e0370e0956ab65	delosdb-runtime-api/src/main/java/org/apache/derby/iapi/services/context/Context.java
e8cea2b575574c83eea947118ded11fbeb1ee7dcd4f17207e11c00e27aac09f5	delosdb-runtime-api/src/main/java/org/apache/derby/iapi/services/context/ContextImpl.java
c27b45697beb63f5f18ede18afeef2c84965e104eaa5fbd318c4e9c9475a264a	delosdb-runtime-api/src/main/java/org/apache/derby/iapi/services/crypto/CipherFactory.java
0dd73d1eafc61529210b30af8d6916fa7e9f738fdb132980d7caa27076d563f8	delosdb-runtime-api/src/main/java/org/apache/derby/iapi/services/crypto/CipherFactoryBuilder.java
2a32622293323ee919ab5e41a2760fbd3b0ceb9d124ab161fc0ead20f3ea066a	delosdb-runtime-api/src/main/java/org/apache/derby/iapi/services/crypto/CipherProvider.java
7a1020dbe7a6b5072c54f0c04ce1ba3f3d1eb4de2c0d521459196b140d4701ae	delosdb-runtime-api/src/main/java/org/apache/derby/iapi/services/daemon/DaemonFactory.java
e195b32cd60eede3445dfcbf61bcb84d3905c42319ea91de39ddb1b132a8558e	delosdb-runtime-api/src/main/java/org/apache/derby/iapi/services/daemon/DaemonService.java
f2c9389676dff7d4d7d46b2397998195957b39c29ff82aec9eb924b46b8ea31d	delosdb-runtime-api/src/main/java/org/apache/derby/iapi/services/daemon/Serviceable.java
f7d92ff95b9524e38d22cf1eaf0e9b8229fcbb7bba9fbc3e67d5a71cc50c16e3	delosdb-runtime-api/src/main/java/org/apache/derby/iapi/services/diag/DiagnosticUtil.java
534c37ba8210dbbe84b2d127456f729d9dc307b739c9f086574b6988c2ffbef5	delosdb-runtime-api/src/main/java/org/apache/derby/iapi/services/diag/Diagnosticable.java
a63dcbd4e8372efc907c1e83121e06145701fa39f9070b6a5c5f1fe9eaf39225	delosdb-runtime-api/src/main/java/org/apache/derby/iapi/services/diag/DiagnosticableGeneric.java
07ca50ca074592377b0c3878c216ac2ac0f2fbf59b0274ceccfc7b2a8a52cb8f	delosdb-runtime-api/src/main/java/org/apache/derby/iapi/services/diag/Performance.java
266fcfe5691fcee62295de23e33d405fbbb17cec3453644631b59a69b8b32456	delosdb-runtime-api/src/main/java/org/apache/derby/iapi/services/io/AccessibleByteArrayOutputStream.java
4b4594b7ed6695e5230e9d84b2108fd81b262decbd2c4ef880a5aa0887595f9c	delosdb-runtime-api/src/main/java/org/apache/derby/iapi/services/io/ApplicationObjectInputStream.java
2998292d22c16c3fe5c7dfdc00a6084a018346e1b5cf38845cab96548731fc1d	delosdb-runtime-api/src/main/java/org/apache/derby/iapi/services/io/ArrayInputStream.java
fe8f2639d51a66f5942533a038f52741825d4b4463fac38f48fbac6683be4b18	delosdb-runtime-api/src/main/java/org/apache/derby/iapi/services/io/ArrayOutputStream.java
67af528c2f5b2b5772492d0cdf31caa2acc9ca43c66d9213336dea837b694dd9	delosdb-runtime-api/src/main/java/org/apache/derby/iapi/services/io/CloneableStream.java
e27fc348441d8664428e785ace0b607c7d0425208e614038b89c239a1802fe0b	delosdb-runtime-api/src/main/java/org/apache/derby/iapi/services/io/CloseFilterInputStream.java
052bd61877025b065c04fe507aa8a005dc16938a3a73e37c0828b8733ee19233	delosdb-runtime-api/src/main/java/org/apache/derby/iapi/services/io/CompressedNumber.java
a1794be3ded35cabccbe7c3cd89cea57eb4f89229af35e05be13950da698447c	delosdb-runtime-api/src/main/java/org/apache/derby/iapi/services/io/CounterOutputStream.java
a628df6f82af7aceaba2ea53f8a74b42c55872030d0acc0a3ca01430c5d7c0b3	delosdb-runtime-api/src/main/java/org/apache/derby/iapi/services/io/DataInputUtil.java
0e7db3f2da87bd0175b59c781d3a2042ac2614f882528e1a5c68fc69fffc88ce	delosdb-runtime-api/src/main/java/org/apache/derby/iapi/services/io/DebugByteTeeOutputStream.java
d55dff4e086e750c8522bc4b2ad444f166610de8463822ab20a9784a979ebcbb	delosdb-runtime-api/src/main/java/org/apache/derby/iapi/services/io/DerbyIOException.java
2b4cb813408c67c1278c40cab021b0b69e8546f9cafc3cc1038c7081b28db96e	delosdb-runtime-api/src/main/java/org/apache/derby/iapi/services/io/DynamicByteArrayOutputStream.java
6809d97ab5c59394eb39aef38b338e7c661d3e0d9b2f424902e0a0cb7bed763d	delosdb-runtime-api/src/main/java/org/apache/derby/iapi/services/io/ErrorInfo.java
e366c2955f5d4909077b5fe0df7ed234191b5a20a68a98b616c9526cebc0cf5f	delosdb-runtime-api/src/main/java/org/apache/derby/iapi/services/io/ErrorObjectInput.java
1710814c17c2c4fc655d4d76151f99724e033af29f9b45ba3a5150be4b0b0817	delosdb-runtime-api/src/main/java/org/apache/derby/iapi/services/io/FormatIdOutputStream.java
da3a59ecb4a716eecaabd06ad470277b6031e02ae41d408724747050dcaade76	delosdb-runtime-api/src/main/java/org/apache/derby/iapi/services/io/FormatIdUtil.java
94ad664afad5860486def76927bcc3d64f59cf02331b3e62da47931fafcf7963	delosdb-runtime-api/src/main/java/org/apache/derby/iapi/services/io/Formatable.java
fc088638a728d02f0bfb593f80d84f173870317c497a8c96a7afb71fd1a86796	delosdb-runtime-api/src/main/java/org/apache/derby/iapi/services/io/FormatableArrayHolder.java
19ef0702f6b656f4fa6ed2736d92dc10a720b89027323456562365dc1c1906c4	delosdb-runtime-api/src/main/java/org/apache/derby/iapi/services/io/FormatableHashtable.java
7b3b37acf450658aef1163e13373dcd75ed457f769137f7989b93c34fac10f24	delosdb-runtime-api/src/main/java/org/apache/derby/iapi/services/io/FormatableInstanceGetter.java
ef173ce026e12f4836ff498a49a9aedf1550b83a3c0032e4b7b945b2fd583d94	delosdb-runtime-api/src/main/java/org/apache/derby/iapi/services/io/FormatableIntHolder.java
a9da4627019a15392b943808c59096a9baada85cb48e27ea9a0a5e0fb3b9bacd	delosdb-runtime-api/src/main/java/org/apache/derby/iapi/services/io/FormatableLongHolder.java
f3f406582814b93ece4b74f42f6da636cff28aa971e80d363e899796c1f59510	delosdb-runtime-api/src/main/java/org/apache/derby/iapi/services/io/FormatableProperties.java
67ffed362c0d357f15463b485cccd819cec0e5d4c26851bd5129fc415dbc356e	delosdb-runtime-api/src/main/java/org/apache/derby/iapi/services/io/InputStreamUtil.java
c20e7f9e11332ccaadc932e2371a937a789344fa6a0171e4861f3d7dc7f53c42	delosdb-runtime-api/src/main/java/org/apache/derby/iapi/services/io/Limit.java
3e7197bb164944ae05adcad5d2be501a2e020316a5e0bd4bf82e38b54051f9c0	delosdb-runtime-api/src/main/java/org/apache/derby/iapi/services/io/LimitInputStream.java
ef928728c4a49a0c20b7a28486e80bed1ff235561957fb74b3878a5447036afc	delosdb-runtime-api/src/main/java/org/apache/derby/iapi/services/io/LimitObjectInput.java
15b10733655dfa540d6ff30c559d5526dcdef71c3b10544268135dbdfe3ba254	delosdb-runtime-api/src/main/java/org/apache/derby/iapi/services/io/LimitReader.java
bb762b82be7dfd3f11110b6a2ead3ebacf9b7c7c42b4c78c6f06a83394c10c92	delosdb-runtime-api/src/main/java/org/apache/derby/iapi/services/io/NullOutputStream.java
dcc4b71626717d8fc80992537065e81e5297ef6730dbe3f03eed80fd2c24ce8a	delosdb-runtime-api/src/main/java/org/apache/derby/iapi/services/io/SQLExceptionWrapper.java
9ef2f1333be372861bd3e100922122d32491187c0e6b4f2b557597116a5beaa7	delosdb-runtime-api/src/main/java/org/apache/derby/iapi/services/io/Storable.java
aa72b37994a5523ad31bdb7a85e9ce29a446b98a0874175f922cf763f2c796df	delosdb-runtime-api/src/main/java/org/apache/derby/iapi/services/io/StreamStorable.java
8bf6881c92cac7d2099fe596c0bfe3dc3a6ce5604f01efee4876703b36d02328	delosdb-runtime-api/src/main/java/org/apache/derby/iapi/services/io/TypedFormat.java
eb5e0ada1a3388e68e723fbdff609be2567911546c5a1a513be7af90ea35ebf8	delosdb-runtime-api/src/main/java/org/apache/derby/iapi/services/loader/ClassFactoryContext.java
24bc8d01568537f5ec76ea1cfbb4556d69d77003b8fca74ede02ec6a0dd48173	delosdb-runtime-api/src/main/java/org/apache/derby/iapi/services/loader/GeneratedByteCode.java
ba23f3111f210e6dab8ddceca91581ffd1469f73b90200d2ca79e369ea192d53	delosdb-runtime-api/src/main/java/org/apache/derby/iapi/services/loader/GeneratedClass.java
cdcb92d4c4dbad0b64e5fd9fadad2a98204ff1cf77c956af8f3354027e8f7711	delosdb-runtime-api/src/main/java/org/apache/derby/iapi/services/loader/GeneratedMethod.java
79fb0298859cc56a59675438ab0b049eea96d6bbc6ca0b0c2279a0e0cbfcdb39	delosdb-runtime-api/src/main/java/org/apache/derby/iapi/services/loader/InstanceGetter.java
78d47ae0c2b3349bc768653c5d70c847c341fd1d3e8b24ba2c8f204e8fa0f291	delosdb-runtime-api/src/main/java/org/apache/derby/iapi/services/loader/JarReader.java
85df7d69376cfb1480214002169c8c2787f98649d63e1fa4e3b3576d63d2a04c	delosdb-runtime-api/src/main/java/org/apache/derby/iapi/services/locks/C_LockFactory.java
3d05c0ac28115b045bd5361e214d493a53b3687951b5a6638663c0c8b97bec12	delosdb-runtime-api/src/main/java/org/apache/derby/iapi/services/locks/CompatibilitySpace.java
f7197f774e9371cd783fffcc30e5e0c2df59369aef387acd3293084cef74bec1	delosdb-runtime-api/src/main/java/org/apache/derby/iapi/services/locks/Latch.java
3d767973cdaddf81313ef298ff0685ca7a85d76084bce8ea46d39f4920ff2e90	delosdb-runtime-api/src/main/java/org/apache/derby/iapi/services/locks/Limit.java
a0cb6861bdb0ca5ab1be51cd3453f792c1cb6a043ff3a0325285e418a861d172	delosdb-runtime-api/src/main/java/org/apache/derby/iapi/services/locks/LockOwner.java
339b9f852ad0ed77edc972d5e3547a9dc3ae118b0bad673478b9a195841f4b2b	delosdb-runtime-api/src/main/java/org/apache/derby/iapi/services/locks/ShExQual.java
2847bf440ed20f1a82a08439e68835fb7b8e9b7c6f47448cc0bb4a67813b9467	delosdb-runtime-api/src/main/java/org/apache/derby/iapi/services/locks/VirtualLockTable.java
c0e39ae6ea6837a22b47d01a7ccfdc345988bc23ee0a2650dce71a17993dda61	delosdb-runtime-api/src/main/java/org/apache/derby/iapi/services/memory/LowMemory.java
29fb18adba21ed8392dae2b0cd26ed8e8200c23edeb5e649d8cc915948ae179d	delosdb-runtime-api/src/main/java/org/apache/derby/iapi/services/monitor/DerbyObservable.java
88d3d7331595d8e57a8598b90351ae5bbac57826ccd9ac9ba99e5a3c06544f12	delosdb-runtime-api/src/main/java/org/apache/derby/iapi/services/monitor/DerbyObserver.java
404409f942f10a07233c49818766291e5431085e5b1dc02d6255e8ee28abf054	delosdb-runtime-api/src/main/java/org/apache/derby/iapi/services/property/PersistentSet.java
97867d1642fa05deaa8802faba754317c199ba5672b220ba55cb173fcfc55972	delosdb-runtime-api/src/main/java/org/apache/derby/iapi/services/timer/TimerFactory.java
5698992ddf9c1893851c8c2efe57df99d55fea85e939fd88983a5634aa11ce5b	delosdb-runtime-api/src/main/java/org/apache/derby/iapi/util/ByteArray.java
2d1058465696963949c6cc808a3bd13e4c9c9a91868aaca14b5207796c22ea24	delosdb-runtime-api/src/main/java/org/apache/derby/iapi/util/DoubleProperties.java
739c26e7acb0be611ec800e1495fac909fe0abf27fa30d0afe96af0ef667474a	delosdb-runtime-api/src/main/java/org/apache/derby/iapi/util/InterruptDetectedException.java
f01864953d79a33854665636b84c20b9f9504fb6a5002e22b113ea54daf734de	delosdb-runtime-api/src/main/java/org/apache/derby/iapi/util/JBitSet.java
42da21c89bbf493cdfe2387fe581b834c474cc294048dd0b02e26c7adcc63de0	delosdb-runtime-api/src/main/java/org/apache/derby/iapi/util/Matchable.java
42c31426d3b74bbf4a752ecec5089fd74a89aabd9e71e3aee0700f8645655e4b	delosdb-runtime-api/src/main/java/org/apache/derby/iapi/util/Operator.java
a7fc91f9691190a08b40a7decb94d146f567bc133f08c51473f154ffff897758	delosdb-runtime-api/src/main/java/org/apache/derby/iapi/util/PropertyUtil.java
cd1b40ccffa1a025d11a494f99a6f39c07f8cfb3e800bb775505834dc927b861	delosdb-runtime-api/src/main/java/org/apache/derby/iapi/util/StringUtil.java
d49d9e7e218e0c0064d256b0caec0e091fc8835c153b453fa5d54dd7c1698dfc	delosdb-runtime-api/src/main/java/org/apache/derby/iapi/util/UTF8Util.java
bd751908b9c1b1855a54b30d0965d2f9add4cdf9d16c0210c06e412264c93055	delosdb-runtime-api/src/main/java/org/apache/derby/io/StorageFactory.java
63bf5162e4c886b8c6a7c3958675493409f6dc2c72a0eaa4f44b94d83a5dc063	delosdb-runtime-api/src/main/java/org/apache/derby/io/StorageFile.java
920fa29137445620ad9e04973d5ee82b3aaa4d8c12f17afc4337b13aa37193d5	delosdb-runtime-api/src/main/java/org/apache/derby/io/WritableStorageFactory.java
7013ba65969f13b5fc5dda3eac459fd62c1bad7f32598ab4d8545b65f4d52c88	delosdb-server/src/main/java/org/apache/derby/drda/NetServlet.java
867a85c5dbe756724c1d52ae76d3135efcce2dfcb717ac0159d293def14084ff	delosdb-server/src/main/java/org/apache/derby/impl/drda/AppRequester.java
5f56023da5a3dd023945b0445ca89c97e2b79f4c55c8a88a707aaa3da612d782	delosdb-server/src/main/java/org/apache/derby/impl/drda/CcsidManager.java
1ae2a18efb6f31a609ae4764a9865d2451a4cfe1991e82fd2d799658205df0f6	delosdb-server/src/main/java/org/apache/derby/impl/drda/CharacterEncodings.java
cf140a76534191afec9f845ed2fc2d20f50ed723d26e07f528e3b738fa9aa93a	delosdb-server/src/main/java/org/apache/derby/impl/drda/ClientThread.java
b0d4a0899c827b433a0490c47057cd4de377f3a334404c0b33a564351d51ac60	delosdb-server/src/main/java/org/apache/derby/impl/drda/CodePoint.java
370f350bbb449307ac62e56802e12f2fea6e69ad5991c5473aa8451ce0ed123b	delosdb-server/src/main/java/org/apache/derby/impl/drda/ConsistencyToken.java
536cc710aef4f6ef0a0eb9b10e4c2b4c33152e09c8c7792c7f8c33e15192e4b2	delosdb-server/src/main/java/org/apache/derby/impl/drda/DDMReader.java
e33f432591eba7118570e0214edc171d9195dc1c3fab7726b87ec663821f0f72	delosdb-server/src/main/java/org/apache/derby/impl/drda/DDMWriter.java
e32ff25d1df4fb0673df0de8a32f18c3cb6d04bf0ecf86bb221e0b7e5bcbb0f7	delosdb-server/src/main/java/org/apache/derby/impl/drda/DRDAProtocolExceptionInfo.java
d42cdb2dec1c8124505b6446e9dc474316b3400bc3377733e29d091387549e38	delosdb-server/src/main/java/org/apache/derby/impl/drda/DRDAResultSet.java
75f3f96bf90513f7ded77dec6820f409ff079cc716aee4c2833f19df346944b1	delosdb-server/src/main/java/org/apache/derby/impl/drda/DRDAString.java
bc49acceb425b03e0c4f2f2c59952ce697e99d79b3ec9a850a70d4258dc17cd3	delosdb-server/src/main/java/org/apache/derby/impl/drda/DRDAXAProtocol.java
381bbe00733eb16e48a9bc4c53c66df02b079bdbe199fa3f880eb5606eb553cb	delosdb-server/src/main/java/org/apache/derby/impl/drda/DRDAXid.java
c4b32c80dc775527e12cdcaa16e114b6b5f355551b67ed2dc6ca55ee724d26c1	delosdb-server/src/main/java/org/apache/derby/impl/drda/DecryptionManager.java
6f477594aad01b073e797ba78260837b312bfbcd4f3bfbffac2f5b449943f7fe	delosdb-server/src/main/java/org/apache/derby/impl/drda/DssConstants.java
28c3d44cf8275b84304615413edb78eca22dc0a0178d872cb17d1a54b8171ff2	delosdb-server/src/main/java/org/apache/derby/impl/drda/EXTDTAReaderInputStream.java
6c19b1c300e5729a5aeda32b1bb95ed2da406fc012889b0acd77f07c728a3d26	delosdb-server/src/main/java/org/apache/derby/impl/drda/EbcdicCcsidManager.java
9ab64408789a1200ac46420ac877b9d55da44bcea3ce39cef38d87e6679f69d9	delosdb-server/src/main/java/org/apache/derby/impl/drda/FailingEXTDTAInputStream.java
1989e2af56a01b90ce1481a9628862bd526c56b9d49240c9b2bb31758b0ebbac	delosdb-server/src/main/java/org/apache/derby/impl/drda/FdocaConstants.java
c2c27d7f5e00126db4289ff06db5727fb7d248af39e6e01a02438d0d7e030c61	delosdb-server/src/main/java/org/apache/derby/impl/drda/LayerBStreamedEXTDTAReaderInputStream.java
bd53f6ff0a72447c48fc443ed807b2605ecf3dd122d70123058866fea0872589	delosdb-server/src/main/java/org/apache/derby/impl/drda/NetworkServerMBeanImpl.java
6b7acca86236fd690a4a8c307bfa2bf750ea3fbb406510f482f5fe089034bebb	delosdb-server/src/main/java/org/apache/derby/impl/drda/PiggyBackedSessionData.java
7ddcc99c47e38da23dc1c731ac01f96126a800b4f1caac8e99ccde38eaa3f787	delosdb-server/src/main/java/org/apache/derby/impl/drda/Pkgnamcsn.java
228b03454c8a5032fdec49e993915f4eb89b8b605c9a4322578ef0c7d6749635	delosdb-server/src/main/java/org/apache/derby/impl/drda/SQLTypes.java
06bacea7dada21255599ce35f6c00903dac334ac84eed4755825021d9ff10347	delosdb-server/src/main/java/org/apache/derby/impl/drda/SignedBinary.java
1856c9e171139c517c966c8c6b2edbd0695063835e886d2bea106f97aa604a8d	delosdb-server/src/main/java/org/apache/derby/impl/drda/StandardEXTDTAReaderInputStream.java
71eb0069f93fa8706aa4facdaeb9b92d49eee29d8ba395a014807d528d34186b	delosdb-server/src/main/java/org/apache/derby/impl/drda/Utf8CcsidManager.java
2a0fe03cb5fb74bf13fbf51e4caa4b0032ab9844b33e1c3e46f74a636fb8a968	delosdb-server/src/main/java/org/apache/derby/impl/drda/XADatabase.java
84eaf6bcc02aa36c4e1ad8f90d9d1d1a7a461c978b918eb50fae07c9f79b8748	delosdb-server/src/main/java/org/apache/derby/info/net/DerbyModule.java
3abbf105724ee3554f9314ce7d8d0781984332e61725bac06550e111f7ec8dbc	delosdb-server/src/main/java/org/apache/derby/mbeans/drda/NetworkServerMBean.java
421ee6911b7de79932c49ed46c2f009e1d053f5b47b293e1d62a73b76a153c47	delosdb-storage-derby/src/main/java/org/apache/derby/impl/store/access/CacheableConglomerate.java
32c3c6f122424c5663bf0590fae111b9e8dcc62abcc0384da1c282a9e3d2c38f	delosdb-storage-derby/src/main/java/org/apache/derby/impl/store/access/RAMTransactionContext.java
27f63f8f2ef1d0c4f72a76e1c3632f137827866abcfaf0b389d9c7fb48f1da25	delosdb-storage-derby/src/main/java/org/apache/derby/impl/store/access/RllRAMAccessManager.java
748edffb162b090b0cba649fff89601cb1a12020e8999e8d6551560244252406	delosdb-storage-derby/src/main/java/org/apache/derby/impl/store/access/btree/BTreeBranchRoutingSnapshots.java
2230029d3437eaa2d84bcecadbd958f478263a77b6029c9403c8aaaf4ffb5fb0	delosdb-storage-derby/src/main/java/org/apache/derby/impl/store/access/btree/BTreePointReadDiagnostics.java
3a4ba7367579b13835acae876e905fff31a03fc866298258a9c9fe081d3d173e	delosdb-storage-derby/src/main/java/org/apache/derby/impl/store/access/btree/BTreeScanInfo.java
795e7edce2ac412398cec266517cb5757cf1d0cc22e7ea9b4139d456c5d4c4c8	delosdb-storage-derby/src/main/java/org/apache/derby/impl/store/access/btree/LeafReadSnapshot.java
d0681685613ff19167a25376ea82cdad047807d898f4be822a511fc106a22f5b	delosdb-storage-derby/src/main/java/org/apache/derby/impl/store/access/btree/WaitError.java
96f0a313e35ea0a5311fb27dd41d9d6d4fb0b94ada07c4c5a22581e4528b50cd	delosdb-storage-derby/src/main/java/org/apache/derby/impl/store/access/btree/index/B2ICostController.java
ba431c24aadd78ecd1d7b445fc2015f35347b1f92918e25d748eecbb39443299	delosdb-storage-derby/src/main/java/org/apache/derby/impl/store/access/btree/index/B2ITableLocking3.java
ab71a0a30e43418831d50a75063941c82ad2b2856d3b3b339f7e3a455802243a	delosdb-storage-derby/src/main/java/org/apache/derby/impl/store/access/btree/index/B2I_10_3.java
0007be451c869c28acb00232f797398d3672c94c3b4dc76f35b33f667b2e54af	delosdb-storage-derby/src/main/java/org/apache/derby/impl/store/access/btree/index/B2I_v10_2.java
388b79447c305a5938aba8ac35371ac89847dc0b9e3f0e97ef5607832b48373f	delosdb-storage-derby/src/main/java/org/apache/derby/impl/store/access/btree/index/D_B2IController.java
e932962819bf965a3f531d5c60a0408c605974608e6429c3e2cea92cf7ce67c8	delosdb-storage-derby/src/main/java/org/apache/derby/impl/store/access/conglomerate/BinaryOrderableWrapper.java
d6e7fd8eb332f7c73a6452cf37d7f0ed167d18da73e6aca85564545459d8ffad	delosdb-storage-derby/src/main/java/org/apache/derby/impl/store/access/conglomerate/GenericCostController.java
fbff11120938c12b363bbaab654f838d1f2f391747b85d060c429028ee0dccaf	delosdb-storage-derby/src/main/java/org/apache/derby/impl/store/access/conglomerate/RowPosition.java
467590d3d69e979cd579a3ce3e49a101af44c4f770d3fbbcb681d4f4ab3417b7	delosdb-storage-derby/src/main/java/org/apache/derby/impl/store/access/heap/HeapClassInfo.java
b6766904c476a93a07d9ae0a6944262a0adefb6237de0b66fdf669c925146b1e	delosdb-storage-derby/src/main/java/org/apache/derby/impl/store/access/heap/HeapPostCommit.java
9f3f088363ae8ba7d30787290a3fda71d67997f55a33784d8fd5bdf2f8975ec0	delosdb-storage-derby/src/main/java/org/apache/derby/impl/store/access/heap/HeapScanInfo.java
859141ebff6ce516237afe46dfdee7667b9bd346c957466cd4b4567477663a83	delosdb-storage-derby/src/main/java/org/apache/derby/impl/store/access/heap/Heap_v10_2.java
83c16879aeba2057b60c858a6670f0c460c81fd7efe5b8dda53c67a05f602a72	delosdb-storage-derby/src/main/java/org/apache/derby/impl/store/access/sort/NodeAllocator.java
6447ada1ff6bb851f4ae7654d749218bb06face17ff62f86f06dd8896a4de1f8	delosdb-storage-derby/src/main/java/org/apache/derby/impl/store/access/sort/SortBufferScan.java
d8de4f5031805dfbafa9154ffe4be83d3c1e7824e7f74ebb30d4a7cf5c0786ba	delosdb-storage-derby/src/main/java/org/apache/derby/impl/store/access/sort/UniqueWithDuplicateNullsExternalSortFactory.java
73dcc84c64b9a31f212b481a251a5bc2d3c519e9334b37945a91e18d65becd1e	delosdb-storage-derby/src/main/java/org/apache/derby/impl/store/raw/data/AllocPage.java
7305892dda5db8af793e3eba3be79adacd3eae704005cf4e039a3e3d05f3faf6	delosdb-storage-derby/src/main/java/org/apache/derby/impl/store/raw/data/AllocPageOperation.java
b9e0a748fc7e15d4cc18dc83a47e749728a77d454fd3c7c95f9c6b4185ff7073	delosdb-storage-derby/src/main/java/org/apache/derby/impl/store/raw/data/AllocationActions.java
c4c6e607cb4a403b9b93ffec03f64b32502a9c69e50bb6ef650df964cef64a6c	delosdb-storage-derby/src/main/java/org/apache/derby/impl/store/raw/data/AllocationCache.java
2d0d724a8c2a38e09146c7ff0ace7b5ab45c6cc9f6780a94ccd3e465e202d479	delosdb-storage-derby/src/main/java/org/apache/derby/impl/store/raw/data/BaseDataFileFactoryJ4.java
6605fd05688741754aca19a2a6b3d86e7dd047a372d7ea234702678b6cf342a9	delosdb-storage-derby/src/main/java/org/apache/derby/impl/store/raw/data/BasePage.java
50e90dec1d296d9555d19e71cd0c36d7a52de60c0ed31cb796551589be98f7df	delosdb-storage-derby/src/main/java/org/apache/derby/impl/store/raw/data/BufferedByteHolderInputStream.java
bfa2a397c5302c992c576318837f3908cd5c7ffa746b5862f89e8bc378b6a4f3	delosdb-storage-derby/src/main/java/org/apache/derby/impl/store/raw/data/ByteHolder.java
5db4fef2346a14fa70c9fd447d927005b28d5a3906249b857be38bf5b5a551d4	delosdb-storage-derby/src/main/java/org/apache/derby/impl/store/raw/data/ByteHolderInputStream.java
e660ddddc36ac09e754038d20bf528e5c2839e10f5f261635b738247f4803439	delosdb-storage-derby/src/main/java/org/apache/derby/impl/store/raw/data/ChainAllocPageOperation.java
24aea3278b3a9d5dec3c8d00b96d9766667906bb74a8b6d401e3b0345e9c0b0b	delosdb-storage-derby/src/main/java/org/apache/derby/impl/store/raw/data/CompressSpacePageOperation.java
0266f11af27004458f1687dcfe2751609de7f97e09849e2b7a884c048e9421c5	delosdb-storage-derby/src/main/java/org/apache/derby/impl/store/raw/data/CompressSpacePageOperation10_2.java
009eadf7ecdf76ddb7a1c2bf21f1309f8db768a2508b8c7981786131233ac91c	delosdb-storage-derby/src/main/java/org/apache/derby/impl/store/raw/data/ContainerActionOnCommit.java
5b7d499f043ed20096d51153c2496ecd6fd1782b5d9ceb210d42cbd6353771f8	delosdb-storage-derby/src/main/java/org/apache/derby/impl/store/raw/data/ContainerBasicOperation.java
8a07cd507e5e335b39dcfa8f730ff0089d44c5e407d57dc91156df260e71ca4c	delosdb-storage-derby/src/main/java/org/apache/derby/impl/store/raw/data/ContainerOperation.java
6952667fa45b88a68f1107fc8847dbece0dfe4a4fb840d992b950bc13bf10282	delosdb-storage-derby/src/main/java/org/apache/derby/impl/store/raw/data/ContainerUndoOperation.java
9916c0dd5ee388edd4e4726088e62d5a17f4677ada34da77045f5dcd38cea22c	delosdb-storage-derby/src/main/java/org/apache/derby/impl/store/raw/data/CopyRowsOperation.java
90ec9ae4efd15c10d079f990197aeb3fb9822fe9b1cf17902e7b75233fce4d8d	delosdb-storage-derby/src/main/java/org/apache/derby/impl/store/raw/data/D_BaseContainerHandle.java
5247f02b9fe7ca8c1a2382dd3d8d8a50d7b0a906b28dfacbd901da0acdbd3945	delosdb-storage-derby/src/main/java/org/apache/derby/impl/store/raw/data/D_DiagnosticUtil.java
789afd8b77cd49a7b87eb9b2e3ff438d384dc9873c0588c6ac8426f8ad991edd	delosdb-storage-derby/src/main/java/org/apache/derby/impl/store/raw/data/D_RecordId.java
2d6468b10dc0ed38ea6adb2085c3a8e53ed95d53a155ad883fcbebe87f9e2944	delosdb-storage-derby/src/main/java/org/apache/derby/impl/store/raw/data/DecryptInputStream.java
88b9b8e4dd0a5c605782586a1942d0e83681ab16910955a174395fb8c7f7015d	delosdb-storage-derby/src/main/java/org/apache/derby/impl/store/raw/data/DirectAllocActions.java
be1cf7c76bdb0c46a40c7de54dc19baafe96c3744263558cddeaeab007cdcc12	delosdb-storage-derby/src/main/java/org/apache/derby/impl/store/raw/data/EncryptContainerOperation.java
a9d6b2b0a40c3499a56f73fe8ed9e8cbc58fc2baae53da6d941bc8bfdfb7c175	delosdb-storage-derby/src/main/java/org/apache/derby/impl/store/raw/data/EncryptContainerUndoOperation.java
9a042475e8404b9635dfd74f0fe3f02b4446a3784bf7188ae78e2cde7bcc2279	delosdb-storage-derby/src/main/java/org/apache/derby/impl/store/raw/data/EncryptOrDecryptData.java
ee4757f6ba660d52d90544d985400613527c6186ce636e82f183e79e2ceddcb8	delosdb-storage-derby/src/main/java/org/apache/derby/impl/store/raw/data/HeapPageReadImage.java
81f535d6bdbd8799b83b33dd7c62701ef5d0da3c44f60837a69d59be7829ff61	delosdb-storage-derby/src/main/java/org/apache/derby/impl/store/raw/data/HeapPageReadImageAccess.java
54479e7bf171fe19387f6de992938abcbc20fa852b39076daa74d176c36c533f	delosdb-storage-derby/src/main/java/org/apache/derby/impl/store/raw/data/InitPageOperation.java
13e531754f7de91f7aca47cc1c7dc0be649830fb12d786208f73761adf667b15	delosdb-storage-derby/src/main/java/org/apache/derby/impl/store/raw/data/InputStreamContainer.java
f5c93c346a2bc71bc89ec645bfef1ef871b1e4a3abd3aa8e1b47707c80a6333e	delosdb-storage-derby/src/main/java/org/apache/derby/impl/store/raw/data/InvalidatePageOperation.java
098e78c2859ec69931b1d3b2dc2f0b22642f23dbbc8a4fe774107cbfbca84b35	delosdb-storage-derby/src/main/java/org/apache/derby/impl/store/raw/data/LoggableAllocActions.java
2611a5124c208cdb57a3bba361a30090b0d957502487d08af4b7facbc79d01f9	delosdb-storage-derby/src/main/java/org/apache/derby/impl/store/raw/data/LogicalPageOperation.java
3b1379a38cab879242cbc25ab7c1a65ea3752a79235d2bc5ca4de88d3e23e5a3	delosdb-storage-derby/src/main/java/org/apache/derby/impl/store/raw/data/LogicalUndoOperation.java
25cdb2272c74e1bc76758f49ac2932de178f0445159c90beb04a73f02fde025c	delosdb-storage-derby/src/main/java/org/apache/derby/impl/store/raw/data/NoSpaceOnPage.java
d59c384e6e46c7bdbcfd1fbcc0fe9cc11666b86cf6c35d9586e6515b6fcdb3ba	delosdb-storage-derby/src/main/java/org/apache/derby/impl/store/raw/data/PageBasicOperation.java
2b192df3e4d7333f3137f378a3c0491eaa3086cf4ccc0cf3952afc6b9a947bc2	delosdb-storage-derby/src/main/java/org/apache/derby/impl/store/raw/data/PageCreationArgs.java
af811b3ee8671e6a6290aad4dad89bfc369f8dfdb13c9114cabb72c309aabe18	delosdb-storage-derby/src/main/java/org/apache/derby/impl/store/raw/data/PageVersion.java
da47ba884469118575a62e3286175a988045d18ba7b59f83101bb31012461c89	delosdb-storage-derby/src/main/java/org/apache/derby/impl/store/raw/data/PhysicalPageOperation.java
8b9db5d20ab1ff98f162836f0f9f43d71e9d7f5d00374f47e7d3e750fcdf72c2	delosdb-storage-derby/src/main/java/org/apache/derby/impl/store/raw/data/PhysicalUndoOperation.java
f8cbefee827bb7dc633d136da7b51e3d179a05f5bda0817922907e924c0ae724	delosdb-storage-derby/src/main/java/org/apache/derby/impl/store/raw/data/PurgeOperation.java
84985ad49e9169e71cb699ccdbd2be37bd61057ed0d8720fdee5f9bc7d8a2e4f	delosdb-storage-derby/src/main/java/org/apache/derby/impl/store/raw/data/RFResource.java
fe7b3109aaee70fd64bde33849d2a0d5762e13dc5eb5a1c9c909ed1234c1b98b	delosdb-storage-derby/src/main/java/org/apache/derby/impl/store/raw/data/RawField.java
b20eb7b64412e3642a2f11c909abad95e2a6b74e149aceee69d51fbdcecac34f	delosdb-storage-derby/src/main/java/org/apache/derby/impl/store/raw/data/ReclaimSpace.java
b26497ad472f0455c759a44a6f239aa3988cf30ec8784a4171e80e1e62670248	delosdb-storage-derby/src/main/java/org/apache/derby/impl/store/raw/data/ReclaimSpaceHelper.java
ca659235ac3d3800758ad3c035ccfba5f0454fa0bc807b858211ec32cfed6e83	delosdb-storage-derby/src/main/java/org/apache/derby/impl/store/raw/data/RememberBytesInputStream.java
493d697511086a991ad370ccfe624ef2962f0e5a434b42802edf9505cf93e046	delosdb-storage-derby/src/main/java/org/apache/derby/impl/store/raw/data/RemoveFileOperation.java
01a93bb2f5142530b87713635a7399d3b998b183cb6017c04613604bf2239c2c	delosdb-storage-derby/src/main/java/org/apache/derby/impl/store/raw/data/SpaceInformation.java
9210f103614e34cd1c1525d0f64f895330bc33ac4deddee557db309a103cc116	delosdb-storage-derby/src/main/java/org/apache/derby/impl/store/raw/data/StoredFieldHeader.java
cab6dc403d2cc70c755ee3ba6f02a20604cc1adbffac802a066b9b068a347f7d	delosdb-storage-derby/src/main/java/org/apache/derby/impl/store/raw/data/StoredRecordHeader.java
17a91ef0d7b49adcb903ca44a0d8519f447307f474b110003c4fb6058bf4b1d9	delosdb-storage-derby/src/main/java/org/apache/derby/impl/store/raw/data/StreamFileContainer.java
e8d09488ac69cbf504203980bcc11b7631018af0ac4b209c08b47ba9c1a0f1a1	delosdb-storage-derby/src/main/java/org/apache/derby/impl/store/raw/data/TempRAFContainer.java
d998babd7f21086e9f6fc8f55bf852fd74f09667bde1dea398493fba878f0c43	delosdb-storage-derby/src/main/java/org/apache/derby/impl/store/raw/data/UpdateOperation.java
46646771464fadaec4a643e6073edd75e9fd21b8418916718ab93a2ef40d5f50	delosdb-storage-derby/src/main/java/org/apache/derby/impl/store/raw/log/D_FlushedScan.java
49bfbaa9cc701116395c9452e37263210d75b069e5fab03c72cb4e6ba0571ef3	delosdb-storage-derby/src/main/java/org/apache/derby/impl/store/raw/log/D_LogToFile.java
762cc0fb7b17e7e38257a1f2b33ec497e3d3acddfeea90a6c6ddef25f152591c	delosdb-storage-derby/src/main/java/org/apache/derby/impl/store/raw/log/FileLogger.java
595afa89d1ad3390e6209353f4139c2d13471a3c502ba95c8312fdaf8061782d	delosdb-storage-derby/src/main/java/org/apache/derby/impl/store/raw/log/FlushedScan.java
ed4a9256f5c611e449858835300f6bb49cb93727720a12174998f4212d54381f	delosdb-storage-derby/src/main/java/org/apache/derby/impl/store/raw/log/FlushedScanHandle.java
f703fbe638f331af70f371fc13d4eaf3307221357bd2b78649f57d436aca595d	delosdb-storage-derby/src/main/java/org/apache/derby/impl/store/raw/log/LogAccessFileBuffer.java
d5be7c64020485884572376696952587aa59feb21afe2f1d07dbbc7a9b7ae144	delosdb-storage-derby/src/main/java/org/apache/derby/impl/store/raw/log/LogCounter.java
2a51fc20c412b84ce2aaa6ebf12393c90cbcf6adf433e977fc5adc04f2cabf50	delosdb-storage-derby/src/main/java/org/apache/derby/impl/store/raw/log/LogRecord.java
fa3ec1c58572b1c301d47ba4e2b90150862c540ff8781ed13d490c5896ba7ab5	delosdb-storage-derby/src/main/java/org/apache/derby/impl/store/raw/log/Scan.java
91719b4524e627e82a45874e57ae3bb4955cde253861cee0fb8922929c7bb2ff	delosdb-storage-derby/src/main/java/org/apache/derby/impl/store/raw/log/StreamLogScan.java
ae68696469979a8109330c9bc05d29e66f4300c427c2957589c441ecff661916	delosdb-storage-derby/src/main/java/org/apache/derby/impl/store/raw/xact/BeginXact.java
427890ee7bf4e5e6642fa09637cb26c1de88cc49fd8f3ad2e19723b4997ba145	delosdb-storage-derby/src/main/java/org/apache/derby/impl/store/raw/xact/ContainerLocking2.java
3523e416d8f80a550c60709751e8b946ba4f0492025fbb0abe6f50bcd2b1e3d7	delosdb-storage-derby/src/main/java/org/apache/derby/impl/store/raw/xact/ContainerLocking3.java
f6d8213a5152519c69fbeb6be5b8fb7a281d5fb16ffaf5f0214db8b2a9f97678	delosdb-storage-derby/src/main/java/org/apache/derby/impl/store/raw/xact/D_Xact.java
2caec9a720eb1bcd6a1d276de055920d529c118e7f8a18214df018507294a238	delosdb-storage-derby/src/main/java/org/apache/derby/impl/store/raw/xact/EndXact.java
cfd9c5bafb36d923070fa30e51e98a48a84b35f1d42d10543984d30f2e86328b	delosdb-storage-derby/src/main/java/org/apache/derby/impl/store/raw/xact/EscalateContainerKey.java
4cfb56ee67b3d0d79fba0ca4e6a6176a89141574661fced96a67f21e796e2b1e	delosdb-storage-derby/src/main/java/org/apache/derby/impl/store/raw/xact/GlobalXactId.java
83951bc9098db0ff1fa27e047d0b21c096425d5ef7b1492e04b8a07bdb4c7efa	delosdb-storage-derby/src/main/java/org/apache/derby/impl/store/raw/xact/NoLocking.java
1febf7665b85161230f07d33e7cfe39c1e03eef0b2258c21c9442010274fe1a9	delosdb-storage-derby/src/main/java/org/apache/derby/impl/store/raw/xact/RowLocking1.java
d0acdd7e321844372eaddb15f43cda025595413a45134ba2bca658615f20a391	delosdb-storage-derby/src/main/java/org/apache/derby/impl/store/raw/xact/RowLocking2.java
bea78c3b74ec87de6b6c69d9337a35e95305b89cc98d9243e2075f6a8f6ca865	delosdb-storage-derby/src/main/java/org/apache/derby/impl/store/raw/xact/RowLocking2nohold.java
95dc8db61a5fcf7a8d1083651059c1a403d5195c912ddbc83f1ce6904dfbf7ce	delosdb-storage-derby/src/main/java/org/apache/derby/impl/store/raw/xact/RowLocking3.java
4efd8993151f09db6a4a9fd7f3b532ea355c0a57de975657730a6ad1364a4450	delosdb-storage-derby/src/main/java/org/apache/derby/impl/store/raw/xact/RowLocking3Escalate.java
36dcee34e0c231c4e53f9351820b555036d8d4e294d965491aba1c11b5f9136c	delosdb-storage-derby/src/main/java/org/apache/derby/impl/store/raw/xact/RowLockingRR.java
4ea3ec8ba1f7214756b2f177bf1b61f38e2511b0c7ca52931605e9a311d28dd8	delosdb-storage-derby/src/main/java/org/apache/derby/impl/store/raw/xact/SavePoint.java
ad0c05dfe070d2e3a16f89fbcc90e4568c643e7e92e1c7738ffe1bedce202a75	delosdb-storage-derby/src/main/java/org/apache/derby/impl/store/raw/xact/TransactionTable.java
dbf854fb492907642603fcfd2dcfcf29c5118b07ebd6f2a061a2481b82d325bb	delosdb-storage-derby/src/main/java/org/apache/derby/impl/store/raw/xact/XactContext.java
dc31c39d7e1204d84a8960984b58faf1b356039c0ca0812ca54ac5e1c1e6f26c	delosdb-storage-derby/src/main/java/org/apache/derby/impl/store/raw/xact/XactId.java
3bc705ab2ecba35073a196c6ff2bc14f7246bf76cce3e5e5e7eb7fd3eaa8ef88	delosdb-storage-derby/src/main/java/org/apache/derby/impl/store/raw/xact/XactXAResourceManager.java
0cb0564d3245238174f16ff648a6e29d9dd2f3483666f51254a7fa3750acf4f7	delosdb-storage-derby/src/main/java/org/apache/derby/impl/store/replication/ReplicationLogger.java
29f42ed0ab8e6dbc4ef52e12c61aa77f0707a67361625a094ec3fb907c053d1d	delosdb-storage-derby/src/main/java/org/apache/derby/impl/store/replication/buffer/LogBufferElement.java
dec4ad9f0f23b8f44cd91665d84e7a280d9b9d9bfa232734ed038b856a5cd796	delosdb-storage-derby/src/main/java/org/apache/derby/impl/store/replication/buffer/LogBufferFullException.java
0a2a37c579b0cf91629b3d0956d6fd3696379bcf17a8767bf272dd77789ebaf9	delosdb-storage-derby/src/main/java/org/apache/derby/impl/store/replication/buffer/ReplicationLogBuffer.java
587c33468ac3ef3634e883f3859065fdb9ab69f5918d748b8b2995934b2b2818	delosdb-storage-derby/src/main/java/org/apache/derby/impl/store/replication/master/AsynchronousLogShipper.java
861f37e9c77051cb85d3f0f9d695fa804fd8e00abcbbef0df73ae6eebba7bb9f	delosdb-storage-derby/src/main/java/org/apache/derby/impl/store/replication/master/LogShipper.java
48e3121233f1d4466675b94e07e18519b657a51dfc4e53ac84e005aff102a156	delosdb-storage-derby/src/main/java/org/apache/derby/impl/store/replication/master/MasterController.java
788d7848382b16f9e6ceeebbf3840f53d4691afa501fca6ecceb68a0550470dd	delosdb-storage-derby/src/main/java/org/apache/derby/impl/store/replication/net/ReplicationMessage.java
1c48256acd235949cee1343b9c1a2402f938f79e44210c8a55c26bb160e2bce3	delosdb-storage-derby/src/main/java/org/apache/derby/impl/store/replication/net/SlaveAddress.java
ca61fca0e10deb96e5be9190139368271a0d11d1e316d08732326ea9a261c8ea	delosdb-storage-derby/src/main/java/org/apache/derby/impl/store/replication/slave/SlaveController.java
259cbde837f0e45e59f868078cab438c65eb97385d2e4e294598ed8b44cbd277	delosdb-storage-mvcc/src/main/java/org/apache/derby/impl/store/access/mvcc/MvccRawStoreIndexedReadMetrics.java
088e93a523153b8049395fab16cb1cac5011d38adf0dcc20a09a3692553b8092	delosdb-storage-mvcc/src/main/java/org/apache/derby/impl/store/access/mvcc/MvccRawStoreIndexedReader.java
4141d078433cf91abdf47053cabf66e2d2b724e1196b6e4e3e83f1391e45943f	delosdb-storage-mvcc/src/main/java/org/apache/derby/impl/store/access/mvcc/MvccRawStoreOrderedIndexPredicate.java
a746cc13a2bc09b4c492d4fc9666fde540d59a111a3aad60aa007efbe52f87fb	delosdb-storage-mvcc/src/main/java/org/apache/derby/impl/store/access/mvcc/MvccRawStoreVersionReader.java
4d3a539bb675ca690104a2edceb96d212f74f24e199bf97bc81ba7be4e393d30	delosdb-storage-mvcc/src/main/java/org/apache/derby/impl/store/access/mvcc/MvccSnapshotLeaseDiagnostics.java
c7bf13aed50b26c4b4308897e37d2ef6c7956844dd4bb21bfe1c26c610894913	delosdb-storeless/src/main/java/org/apache/derby/impl/storeless/StorelessService.java
22c9207af459325ddbfbfeda780b886f2a97d4079d2549440698edbb90e69137	delosdb-tools/src/main/java/org/apache/derby/iapi/tools/ToolUtils.java
1b75ef2a0857a4bc583f62ee12e75a4dd6420c3c5f2a7efe7bcd2519d5adefc6	delosdb-tools/src/main/java/org/apache/derby/iapi/tools/i18n/LocalizedInput.java
a91607c6cf355492610b9c6e1b425971154781811e1a200928cb1fc45cf50656	delosdb-tools/src/main/java/org/apache/derby/iapi/tools/i18n/LocalizedOutput.java
fa78790b1091d6c45a726da2dcb44271700f2ad233f621316606967d4b7e936d	delosdb-tools/src/main/java/org/apache/derby/impl/tools/dblook/DB_Alias.java
165b5e09f937a0aa45b44173c9343d3d9f49fc0c33e5c1583ded35f1b8470fe8	delosdb-tools/src/main/java/org/apache/derby/impl/tools/dblook/DB_Check.java
1462e8acef8e8204648053fef3980ea5ea458571bcb0b3cc18e4f4404a110998	delosdb-tools/src/main/java/org/apache/derby/impl/tools/dblook/DB_GrantRevoke.java
39c49fd6ac42b96919dd775408dee50e66fa4aca150517638611d08e9372650d	delosdb-tools/src/main/java/org/apache/derby/impl/tools/dblook/DB_Index.java
750785106e1a04bdad975eb522d48925a90ab059efd44a1350cdf1a5a6a08cd0	delosdb-tools/src/main/java/org/apache/derby/impl/tools/dblook/DB_Jar.java
7ccc218555ceda0bcd7d9f69bbd86a2a34382e9cb648cc71fafe3bb914f12b5a	delosdb-tools/src/main/java/org/apache/derby/impl/tools/dblook/DB_Key.java
700548a1346ab08454bcd5a7745f423b51bf7daf017032f6fb1ce2cb46759043	delosdb-tools/src/main/java/org/apache/derby/impl/tools/dblook/DB_Roles.java
0fd8f888a35192040d2f04e05a2907bad21a059c7f076397950502a9a246d111	delosdb-tools/src/main/java/org/apache/derby/impl/tools/dblook/DB_Schema.java
3677df043d2c18dad599522e94fb86c89106f3ce3433efe443399b3fd417ca61	delosdb-tools/src/main/java/org/apache/derby/impl/tools/dblook/DB_Sequence.java
0564c3e8175731852ba45bea7a9d413c281afe58ab62cb84d80ce098d2f003ea	delosdb-tools/src/main/java/org/apache/derby/impl/tools/dblook/DB_Table.java
33c6f8b6651060d84ee861f37d351690d82547b8a95280b32fdebaf6111e1994	delosdb-tools/src/main/java/org/apache/derby/impl/tools/dblook/DB_Trigger.java
86521d032a978f455aa63dbe5b46fa81ba43bf14508c10bffc5605a5701e1b4f	delosdb-tools/src/main/java/org/apache/derby/impl/tools/dblook/DB_View.java
8c3c691302f57dd505be3ccb3319c3e408bf71514dc15ee8dd3a2e8cd84aaae0	delosdb-tools/src/main/java/org/apache/derby/impl/tools/dblook/Logs.java
099761e46b563ffece84266b16051d3f863595d7aa60f51abafdd648243f9d57	delosdb-tools/src/main/java/org/apache/derby/impl/tools/ij/AsyncStatement.java
16a6ba9930816f5bf887fb7738b0aa5760cac40674de19b72e44146312da58d5	delosdb-tools/src/main/java/org/apache/derby/impl/tools/ij/Main.java
8a5df0d8e6e2a5c30814c7a84bdbf4f33a88c6d6b38a540bc7a7efe3053002e6	delosdb-tools/src/main/java/org/apache/derby/impl/tools/ij/ParseException.java
6be54511c181967e207d57b0146b28ce9583b93bdf862cfaba990ea517c61684	delosdb-tools/src/main/java/org/apache/derby/impl/tools/ij/QualifiedIdentifier.java
99efd57634da1ae5a70bd7fe55c44ea898e03c2892446a37e13bb320e8b30206	delosdb-tools/src/main/java/org/apache/derby/impl/tools/ij/StatementFinder.java
778e13dd2b1977bd547eb6b351083dc00b20f35bd80f504e5f5584177ea86acf	delosdb-tools/src/main/java/org/apache/derby/impl/tools/ij/ijConnectionResult.java
517073d503c1e49e44a0d0b721799d210c38b26e807e582998a255fbda95e381	delosdb-tools/src/main/java/org/apache/derby/impl/tools/ij/ijException.java
055a939841aec9b0498ed774ebf9c83e6e26f5909bcf6f3f4480ce95ebe3c0ce	delosdb-tools/src/main/java/org/apache/derby/impl/tools/ij/ijExceptionResult.java
a41d8349f12ab66be2cf6127eb0dc1a1b946878ffde00141c006e4138eb7ec02	delosdb-tools/src/main/java/org/apache/derby/impl/tools/ij/ijFatalException.java
6fc499348554dcc250815f04bc3b79cfcc6ef45007dde12e6d483b951424c295	delosdb-tools/src/main/java/org/apache/derby/impl/tools/ij/ijMultiResult.java
c0db34b9ac9536e5bcbdc0929992914dc28ef5a9d91815d65292f08eabb9c372	delosdb-tools/src/main/java/org/apache/derby/impl/tools/ij/ijMultipleResultSetResult.java
8f50c201e5c7d70332609fc0154fd45874c78cb3a734e302f0e01c110317ef86	delosdb-tools/src/main/java/org/apache/derby/impl/tools/ij/ijResultSetResult.java
4f2da9b9673ff031c1e68e8dceedbb0d6583b9fc1cc2c92d479a1be06d6d447b	delosdb-tools/src/main/java/org/apache/derby/impl/tools/ij/ijRowResult.java
4c5ce8e58d5008c69e9805d2c41754692e50d60454fd8c5d398cc645d3236de4	delosdb-tools/src/main/java/org/apache/derby/impl/tools/ij/ijStatementResult.java
5cb49aab741590afe156cd4da82d043bfbcd389d090fa8226f4557a75eafe488	delosdb-tools/src/main/java/org/apache/derby/impl/tools/ij/ijTokenException.java
1ed60408463e3abc13b0c160e1dd450439a65f98795c1a09b625a0fcfb03a34b	delosdb-tools/src/main/java/org/apache/derby/impl/tools/ij/ijWarningResult.java
0c405b056f2daa95bcf431fd4fa6bb1e4833da8c78aaea65a4ad7529b1bd19fb	delosdb-tools/src/main/java/org/apache/derby/impl/tools/ij/mtTime.java
9d8a5124dc64ffd94813fa615adb2c807c085d20942940d702afa4d25f8287b2	delosdb-tools/src/main/java/org/apache/derby/impl/tools/ij/xaAbstractHelper.java
8a7d0815816fb760a8eeb9da0e58f037bf08fa1c70cdcc3b3e0a9b1f79e92ecd	delosdb-tools/src/main/java/org/apache/derby/impl/tools/optional/DBMDWrapper.java
522989ebe932a10ae121fba690e1cc7a60a831668267b6d981dca3ed4b8e500e	delosdb-tools/src/main/java/org/apache/derby/impl/tools/optional/ForeignDBViews.java
6d9d7f5ac7209d09ff8eb8a759e803ab3e6c3982afab2c7d2d9df4dee3684509	delosdb-tools/src/main/java/org/apache/derby/impl/tools/planexporter/AccessDatabase.java
adc7f75322ae89082a512c541e59039f5348e6d042277d4d6265d18d9fdc4801	delosdb-tools/src/main/java/org/apache/derby/impl/tools/planexporter/CreateXMLFile.java
1e9a2d50f85dfeffed22b87ef0bc9b10ceb7a1f16ddf425da58b5a4a659e1b8a	delosdb-tools/src/main/java/org/apache/derby/impl/tools/planexporter/TreeNode.java
1d62c9123bd300abeaa39481b3fb9132bce93da6162728bfa16f1c75e6353a91	delosdb-tools/src/main/java/org/apache/derby/impl/tools/sysinfo/ZipInfoProperties.java
0cc88cbf1af483b12229fb62e4881d3e4bdaf130d0c37923a504874df1c0527d	delosdb-tools/src/main/java/org/apache/derby/info/tools/DerbyModule.java
f98669e7600bf10f48f04a39a59137f6763debcf84785bd12a589ff0a5dca1a7	delosdb-tools/src/main/java/org/apache/derby/jdbc/BasicClientConnectionPoolDataSource40.java
ec746578743de65ad65ee7b577eb98e3bb45471a02778898ce574a5973fe2312	delosdb-tools/src/main/java/org/apache/derby/jdbc/BasicClientDataSource40.java
cef58a1406fa67bacb59259f04ffe6bd027c5066844e66aff875aacb82a65241	delosdb-tools/src/main/java/org/apache/derby/jdbc/BasicClientXADataSource40.java
ca0dccd7b9095091278a7b8cf33945e0521bca1868313be63398631d88f112d3	delosdb-tools/src/main/java/org/apache/derby/jdbc/BasicEmbeddedConnectionPoolDataSource40.java
5274420928cd3b898908f5ab76b7b05a435cf4d11fef6df6dbafcf1c4c5bc7b4	delosdb-tools/src/main/java/org/apache/derby/jdbc/BasicEmbeddedDataSource40.java
710a802de9d9878572bd41fa7f2fb9f9c87a966bdb4a2be90f286d60ce0939e0	delosdb-tools/src/main/java/org/apache/derby/jdbc/BasicEmbeddedXADataSource40.java
c5321c60099a76b205792d4475c0a02751cbfa7bd33764ccfa0ad651f038211d	delosdb-tools/src/main/java/org/apache/derby/jdbc/ClientConnectionPoolDataSource.java
c47a938d3d9667f8abab675c9663e3f3e9f8e71c02300eb13b2554cd9fbaec8a	delosdb-tools/src/main/java/org/apache/derby/jdbc/ClientDataSource.java
ba771766f15e61e5feedd4a89ce05cfb1c586e1f7eabc8fc38a065db9d5a0530	delosdb-tools/src/main/java/org/apache/derby/jdbc/ClientDriver.java
f1bdcf48de2d890e0f584bfb2d7277b86712a2d2c602152c38a64ec58ba5c099	delosdb-tools/src/main/java/org/apache/derby/jdbc/ClientDriver40.java
c3e132d93d226ce422f17f900a279395f22a9c1115a0cb316eb71ea4f1506b8d	delosdb-tools/src/main/java/org/apache/derby/jdbc/ClientXADataSource.java
902dacdd3a1b4ed0e4b8fb2ca330dd03e6e073473a9f56d0faddbb7c0547887b	delosdb-tools/src/main/java/org/apache/derby/jdbc/EmbeddedConnectionPoolDataSource.java
288351b7bc6fe566d82b07f7dc3f358c7cc2681d69804e319b6cb852f0f453b5	delosdb-tools/src/main/java/org/apache/derby/jdbc/EmbeddedDriver.java
ff59edc300024682d181904187537ed025534423d8378ae4947873cafcd7ce5b	delosdb-tools/src/main/java/org/apache/derby/jdbc/EmbeddedXADataSource.java
829447c99b1da0583b0b84eba92edfe1d6e38996c876bf7fb61a179f95f5948e	delosdb-tools/src/main/java/org/apache/derby/jdbc/ReferenceableDataSource.java
7fead2a193df6d647e2710418fcead9bbb90aeaeddd5124c7af86e7429b12e1a	delosdb-tools/src/main/java/org/apache/derby/tools/PlanExporter.java
5a325a7409c3e6c994109d652ce35b4e17dc9682110780db44174358b006888f	delosdb-tools/src/main/java/org/apache/derby/tools/SignatureChecker.java
91162c53cf01c12e81e07bc2783e5b60d68df221f4ffacf44302a0815aa2b87b	delosdb-tools/src/main/java/org/apache/derby/tools/dblook.java
9e4e64800ce7afefa33de85d3f7ce62ce22a3c00cad0b85034e5884181bfd0a3	delosdb-tools/src/main/java/org/apache/derby/tools/ij.java
696c2eedcfbef7a2545af964b644b9b493fec131f9d71ea834ef76bac29f2b4d	delosdb-tools/src/main/java/org/apache/derby/tools/sysinfo.java
